Datetime,Temperature_40m,Salinity_40m,Temperature_150m,Salinity_150m,Temperature_225m,Salinity_225m
2020-07-20 18:00:00+00:00,9.645741666666666,32.14609166666667,6.416800000000001,33.85454545454545,5.5651,34.02649615384615
2020-07-21 00:00:00+00:00,9.399975,32.20286666666667,6.55035,33.84873947368421,5.609866666666666,34.01951770833333
2020-07-22 00:00:00+00:00,9.218683333333333,32.344908333333336,6.5296,33.843199999999996,5.543546875,34.0251375
2020-07-23 00:00:00+00:00,9.1256125,32.41171666666667,6.4149,33.85824864864865,5.549783333333334,34.023947916666664
2020-07-24 00:00:00+00:00,8.905687499999999,32.455075,6.211197435897437,33.882461538461534,5.682777083333332,34.01129583333333
2020-07-25 00:00:00+00:00,9.167922916666667,32.339568750000005,6.1798102564102555,33.90023333333334,5.8079125000000005,34.00023958333333
2020-07-26 00:00:00+00:00,9.29685,32.284866666666666,6.318093181818182,33.893204545454545,5.907904166666667,33.99411145833333
2020-07-27 00:00:00+00:00,9.717979166666666,32.30966875,6.295833333333333,33.894985714285724,5.974095833333333,33.987089583333336
2020-07-28 00:00:00+00:00,9.453579166666666,32.42752083333334,6.311757142857142,33.8923261904762,5.945585416666667,33.990009375
2020-07-29 00:00:00+00:00,9.16335625,32.473600000000005,6.298066666666666,33.89183333333334,5.978813541666667,33.98530520833334
2020-07-30 00:00:00+00:00,9.11878125,32.408797916666664,6.316114634146341,33.8825731707317,5.749480208333334,34.009671875
2020-07-31 00:00:00+00:00,9.013116666666667,32.46324791666667,6.284380487804878,33.89081707317073,5.7586104166666665,34.004343750000004
2020-08-01 00:00:00+00:00,8.882631250000001,32.523162500000005,6.255736585365854,33.86705853658536,5.901529166666666,33.97700208333333
2020-08-02 00:00:00+00:00,8.890020833333333,32.499177083333336,6.414857499999999,33.8615725,6.130810416666667,33.945975
2020-08-03 00:00:00+00:00,8.529279166666667,32.546468749999995,6.628995000000001,33.8340775,6.2296177083333335,33.940641666666664
2020-08-04 00:00:00+00:00,8.579960416666667,32.53065208333334,6.647107692307691,33.82515897435898,6.1568281250000005,33.95876875
2020-08-05 00:00:00+00:00,8.80265625,32.49309791666666,6.577594871794872,33.838135897435905,6.158459375,33.959859375
2020-08-06 00:00:00+00:00,8.726604166666666,32.56794375,6.551731707317073,33.8394512195122,6.2117562500000005,33.9532625
2020-08-07 00:00:00+00:00,8.8131375,32.51506666666666,6.614924444444443,33.82308222222222,6.155523958333333,33.958958333333335
2020-08-08 00:00:00+00:00,8.911066666666667,32.46739791666667,6.6128479166666665,33.8177,6.057867708333333,33.96731041666667
2020-08-09 00:00:00+00:00,8.942058333333334,32.45642291666667,6.6160708333333345,33.81136458333333,5.981559375,33.97639375
2020-08-10 00:00:00+00:00,8.93536875,32.43033125,6.637708333333333,33.80452291666667,5.972220833333334,33.97705833333333
2020-08-11 00:00:00+00:00,8.941116666666668,32.406247916666665,6.586427083333334,33.82249375,6.039868749999999,33.969430208333335
2020-08-12 00:00:00+00:00,9.244464583333334,32.38760416666667,6.554520833333332,33.81948958333333,6.025847916666666,33.971221875
2020-08-13 00:00:00+00:00,9.40579375,32.36387916666667,6.5972875,33.81772083333334,5.92280625,33.979000000000006
2020-08-14 00:00:00+00:00,9.239141666666667,32.3912875,6.600535416666666,33.82554375,5.812290625,33.99205520833333
2020-08-15 00:00:00+00:00,9.301222916666667,32.41214791666667,6.656384782608696,33.820830434782614,5.8166802083333335,33.992667708333336
2020-08-16 00:00:00+00:00,9.252514583333333,32.45559166666667,6.536707142857143,33.84293333333333,6.04038125,33.96533645833333
2020-08-17 00:00:00+00:00,9.231710416666667,32.394385416666665,6.608185365853657,33.849582926829264,6.187927083333334,33.95170729166667
2020-08-18 00:00:00+00:00,9.150770833333334,32.3735375,6.6805075,33.8424675,6.197399999999999,33.951334375
2020-08-19 00:00:00+00:00,8.989504166666668,32.385912499999996,6.781902631578948,33.82213947368421,6.136863541666666,33.95892708333333
2020-08-20 00:00:00+00:00,8.506055319148937,32.38669787234043,6.70862,33.83217714285714,6.123289583333334,33.96053020833333
2020-08-21 00:00:00+00:00,8.237029166666666,32.3636625,6.683280555555556,33.81702777777778,6.344297916666666,33.93428333333333
2020-08-22 00:00:00+00:00,8.530460416666665,32.35149166666667,6.7611513513513515,33.779510810810805,6.278836458333333,33.93347708333334
2020-08-23 00:00:00+00:00,8.606552083333334,32.34307916666666,6.833432500000001,33.7397625,6.160795833333334,33.943364583333334
2020-08-24 00:00:00+00:00,8.814583333333333,32.322906249999996,6.8317023255813965,33.766716279069776,6.199891666666666,33.94773229166666
2020-08-25 00:00:00+00:00,9.128439583333332,32.315625000000004,6.806613953488371,33.73500232558139,6.191444791666666,33.949561458333335
2020-08-26 00:00:00+00:00,9.125147916666668,32.3189625,6.824700000000002,33.709423809523805,6.052669791666666,33.964462499999996
2020-08-27 00:00:00+00:00,9.064979166666667,32.323452083333336,6.770641860465118,33.74778139534884,5.850382291666667,33.984565624999995
2020-08-28 00:00:00+00:00,8.960008333333333,32.32722291666666,6.692920454545455,33.79708409090909,5.808604166666666,33.98778645833334
2020-08-29 00:00:00+00:00,9.20705,32.31239166666666,6.622009302325581,33.790818604651164,5.873740625,33.98093229166667
2020-08-30 00:00:00+00:00,9.307791666666667,32.29361875,6.611288372093023,33.81155581395349,5.993521875,33.96635520833333
2020-08-31 00:00:00+00:00,9.790277083333335,32.257691666666666,6.663148837209303,33.82617441860465,6.050009375000001,33.95860416666667
2020-09-01 00:00:00+00:00,9.344514583333334,32.30791875,6.6356809523809535,33.8323619047619,5.960979166666665,33.96457604166667
2020-09-02 00:00:00+00:00,9.0039875,32.32165,6.6421179487179485,33.82527692307691,6.046719791666667,33.95628020833333
2020-09-03 00:00:00+00:00,9.316622916666667,32.306020833333335,6.7170000000000005,33.815143589743585,6.009219791666666,33.957405208333334
2020-09-04 00:00:00+00:00,9.4898,32.30036875,6.74829756097561,33.779892682926835,5.969301041666667,33.956752083333335
2020-09-05 00:00:00+00:00,9.5626375,32.29496666666666,6.703444186046511,33.773206976744184,5.829526041666667,33.96133125
2020-09-06 00:00:00+00:00,9.99653125,32.2954,6.605673333333333,33.79176222222222,5.685595833333333,33.9673625
2020-09-07 00:00:00+00:00,9.781779166666666,32.31081458333333,6.713515217391303,33.784689130434785,6.025368750000001,33.945292708333334
2020-09-08 00:00:00+00:00,9.754260416666666,32.29827291666667,6.665247916666668,33.78983125,6.227439583333333,33.92956458333333
2020-09-09 00:00:00+00:00,9.635685416666668,32.30654375,6.623831249999999,33.79874375,6.214239583333334,33.929928125
2020-09-10 00:00:00+00:00,9.442516666666666,32.31005208333333,6.561695833333334,33.81766458333333,6.160280208333333,33.93618020833333
2020-09-11 00:00:00+00:00,9.255304166666667,32.31801875,6.566289583333333,33.81563333333333,6.068161458333333,33.94758229166667
2020-09-12 00:00:00+00:00,9.178970833333333,32.32405625,6.612104166666666,33.816116666666666,6.123898958333332,33.94565625
2020-09-13 00:00:00+00:00,9.206747916666666,32.316568749999995,6.710835416666666,33.8369625,6.276626041666667,33.944746875
2020-09-14 00:00:00+00:00,9.372891666666666,32.30776875,6.750473333333333,33.81789555555555,6.412938541666667,33.933325
2020-09-15 00:00:00+00:00,9.690979166666667,32.28185416666667,6.795361904761904,33.79156904761905,6.401571874999999,33.92924166666666
2020-09-16 00:00:00+00:00,10.07141875,32.24587916666667,6.839641666666666,33.773955555555546,6.375921875,33.936313541666664
2020-09-17 00:00:00+00:00,10.01389375,32.25305208333333,6.944697058823529,33.715408823529415,6.421563541666667,33.9352375
2020-09-18 00:00:00+00:00,9.849033333333333,32.33473541666667,6.87989375,33.780946875,6.374643750000001,33.947009375
2020-09-19 00:00:00+00:00,9.640118750000001,32.343066666666665,6.919970588235294,33.778797058823535,6.442403125000001,33.943971875
2020-09-20 00:00:00+00:00,9.2057,32.40963541666667,6.868478378378379,33.80112972972973,6.4627645833333345,33.94275416666667
2020-09-21 00:00:00+00:00,9.26881875,32.469966666666664,6.923274358974359,33.81040512820514,6.431515624999999,33.946965625
2020-09-22 00:00:00+00:00,9.210208333333334,32.36475625,6.986861904761905,33.81520476190476,6.5726031250000005,33.94563333333333
2020-09-23 00:00:00+00:00,8.712908333333333,32.38183541666667,7.03673953488372,33.810358139534884,6.685546875,33.936113541666664
2020-09-24 00:00:00+00:00,9.120741666666667,32.45096458333333,7.05205581395349,33.77422325581395,6.708816666666666,33.93392395833334
2020-09-25 00:00:00+00:00,9.821744680851062,32.36814468085106,7.064631111111111,33.81096888888889,6.783609375000001,33.93154583333334
2020-09-26 00:00:00+00:00,10.182016666666668,32.29822708333334,7.062870833333334,33.829058333333336,6.7022385416666665,33.9420625
2020-09-27 00:00:00+00:00,10.284275000000001,32.285158333333335,7.220983333333334,33.788266666666665,6.689562500000001,33.94008958333333
2020-09-28 00:00:00+00:00,9.8849125,32.34305416666667,7.1607957446808514,33.762744680851064,6.4088697916666675,33.960371875
2020-09-29 00:00:00+00:00,9.4305125,32.37117916666667,7.164784444444445,33.78806666666666,6.672922916666667,33.95254062499999
2020-09-30 00:00:00+00:00,8.907874999999999,32.4274,7.116651219512194,33.806200000000004,6.764903124999999,33.948536458333336
2020-10-01 00:00:00+00:00,8.586577083333333,32.40421875,7.09260465116279,33.77393953488373,6.529364583333333,33.96059375000001
2020-10-02 00:00:00+00:00,9.050602083333333,32.43156666666667,7.067112499999999,33.7960375,6.4577375,33.965379166666665
2020-10-03 00:00:00+00:00,9.0920375,32.377720833333335,7.023842857142858,33.777633333333334,6.388442708333334,33.96473645833333
2020-10-04 00:00:00+00:00,9.258047916666667,32.339785416666665,6.994431818181818,33.78050681818183,6.421616666666668,33.95772708333334
2020-10-05 00:00:00+00:00,9.483064583333332,32.345025,6.994030232558139,33.771251162790705,6.441496875000001,33.95361979166667
2020-10-06 00:00:00+00:00,9.902633333333332,32.35191875,6.9827755555555555,33.77522444444445,6.477721875,33.94910416666667
2020-10-07 00:00:00+00:00,10.304397916666666,32.339220833333336,6.946841666666667,33.76901041666667,6.48364375,33.95421979166667
2020-10-08 00:00:00+00:00,10.1711625,32.30999791666667,7.004327083333334,33.77019375,6.460071875,33.954907291666665
2020-10-09 00:00:00+00:00,10.576016666666668,32.24494375,7.036056249999999,33.769814583333336,6.426309375,33.95365625
2020-10-10 00:00:00+00:00,10.584816666666667,32.25212083333333,7.016083333333334,33.75470625,6.400665624999999,33.94973229166666
2020-10-11 00:00:00+00:00,10.552220833333335,32.2523,7.060939583333334,33.767331250000005,6.498931249999999,33.94614375
2020-10-12 00:00:00+00:00,10.794877083333333,32.27082708333334,7.038795833333334,33.72676250000001,6.716483333333333,33.923239583333334
2020-10-13 00:00:00+00:00,10.453852083333333,32.305425,7.0477895833333335,33.73232291666667,6.8389010416666665,33.896686458333335
2020-10-14 00:00:00+00:00,11.331385416666668,32.273275,7.068814634146341,33.70524146341463,6.756287499999999,33.918875
2020-10-15 00:00:00+00:00,11.564554166666667,32.27563541666667,7.110294736842104,33.689894736842106,6.713587499999999,33.910684374999995
2020-10-16 00:00:00+00:00,11.781091666666667,32.25199166666667,7.116702857142857,33.69817428571428,6.60163125,33.932506249999996
2020-10-17 00:00:00+00:00,11.792635555555554,32.23229111111112,7.085191176470588,33.676397058823525,6.62697912087912,33.9265989010989
2020-10-18 00:00:00+00:00,11.610739583333334,32.232243749999995,7.093508571428571,33.62031428571429,6.541985555555557,33.938805555555554
2020-10-19 00:00:00+00:00,11.432641666666667,32.229504166666665,7.077397222222222,33.617730555555546,6.435929032258065,33.950229032258065
2020-10-20 00:00:00+00:00,11.230939583333333,32.2470875,7.053019047619048,33.67819047619047,6.394079166666667,33.957957291666666
2020-10-21 00:00:00+00:00,11.162506250000002,32.25552291666667,7.061537209302325,33.66665116279069,6.281694791666666,33.965801041666666
2020-10-22 00:00:00+00:00,11.210577083333334,32.24625208333334,7.035017391304346,33.70866521739131,6.209923958333333,33.98023645833333
2020-10-23 00:00:00+00:00,10.513302083333334,32.24554375,7.00883829787234,33.748391489361694,6.332729166666667,33.97760104166667
2020-10-24 00:00:00+00:00,9.809347916666667,32.291045833333335,6.920754166666666,33.80116666666667,6.414958333333334,33.96631875
2020-10-25 00:00:00+00:00,9.787170833333333,32.296785416666665,6.82646875,33.80930208333333,6.553780208333333,33.95105833333333
2020-10-26 00:00:00+00:00,10.218904166666668,32.26572916666667,6.9205125,33.84435416666667,6.577033333333333,33.94865729166667
2020-10-27 00:00:00+00:00,10.326185416666666,32.25288333333333,6.914456250000001,33.81355833333333,6.389337500000001,33.959721875
2020-10-28 00:00:00+00:00,10.438818750000001,32.246606250000006,6.855112765957448,33.8361340425532,6.241610416666667,33.96731875
2020-10-29 00:00:00+00:00,10.478522916666666,32.245354166666665,6.849791111111112,33.836037777777776,6.253270833333333,33.96766145833333
2020-10-30 00:00:00+00:00,10.430295833333334,32.252162500000004,6.882713636363635,33.853536363636366,6.2128499999999995,33.97102291666667
2020-10-31 00:00:00+00:00,10.497422916666666,32.22249583333333,6.888379069767442,33.84445581395349,6.2681625,33.96993229166667
2020-11-01 00:00:00+00:00,10.1186375,32.27231041666667,6.831716666666668,33.848416666666665,6.272104166666668,33.969910416666664
2020-11-02 00:00:00+00:00,10.527335416666666,32.242481250000004,6.821259523809523,33.852876190476195,6.2007312500000005,33.96853645833333
2020-11-03 00:00:00+00:00,9.45884375,32.373466666666666,6.781111904761905,33.853454761904764,6.395362500000001,33.95243333333333
2020-11-04 00:00:00+00:00,9.174225,32.39505208333333,6.835837209302325,33.805502325581394,6.652461458333334,33.92502083333333
2020-11-05 00:00:00+00:00,9.987458333333334,32.285325,6.828999999999999,33.723954545454546,6.561202083333332,33.91936770833333
2020-11-06 00:00:00+00:00,9.889589583333333,32.266079166666664,6.87765625,33.70721458333333,6.4133218749999985,33.93076979166667
2020-11-07 00:00:00+00:00,10.949560416666666,32.08116666666667,6.861256249999999,33.70293541666667,6.4804947916666675,33.921477083333336
2020-11-08 00:00:00+00:00,11.121314583333335,32.10300833333333,6.918610416666667,33.653370833333334,6.450972916666667,33.91812604166667
2020-11-09 00:00:00+00:00,10.950964583333333,32.13944583333333,6.899627083333333,33.68372083333333,6.035132291666666,33.95639895833333
2020-11-10 00:00:00+00:00,10.551002083333334,32.15745,6.860066666666667,33.73614583333333,5.693987500000001,33.983610416666664
2020-11-11 00:00:00+00:00,10.313583333333334,32.1667875,6.820906382978723,33.76815106382979,5.966944791666667,33.97428854166666
2020-11-12 00:00:00+00:00,10.20570625,32.17701875,6.793157142857142,33.78639523809524,6.195892708333333,33.95918333333333
2020-11-13 00:00:00+00:00,10.117583333333334,32.174585416666666,6.709246341463414,33.832163414634145,6.358860416666666,33.948230208333335
2020-11-14 00:00:00+00:00,10.036032608695653,32.14161739130434,6.646097368421053,33.828563157894735,6.417184782608697,33.940073913043484
2020-11-15 00:00:00+00:00,9.85835681818182,32.20006363636364,6.72422,33.8241,6.2750202247191025,33.951899999999995
2020-11-16 00:00:00+00:00,9.689429166666667,32.250822916666664,6.833786111111111,33.81966388888888,6.3883386363636365,33.944995454545456
2020-11-17 00:00:00+00:00,9.76086153846154,32.21444871794872,6.816258823529412,33.77375588235294,6.495783333333334,33.92316111111111
2020-11-18 00:00:00+00:00,9.666275609756099,32.1537487804878,6.871230555555556,33.72958055555555,6.631364583333333,33.91398125
2020-11-19 00:00:00+00:00,8.984453333333335,32.19786888888889,6.990221428571428,33.66479761904762,6.771229166666667,33.876027083333334
2020-11-20 00:00:00+00:00,9.1920375,32.095124999999996,7.060480434782609,33.675289130434784,6.639777083333333,33.890925
2020-11-21 00:00:00+00:00,9.20379375,32.151787500000005,7.074962500000001,33.701514583333335,6.629572916666667,33.92735416666667
2020-11-22 00:00:00+00:00,8.92736875,32.22310625,7.092216666666666,33.74392291666667,6.603181250000001,33.91443854166666
2020-11-23 00:00:00+00:00,9.067485416666667,32.19773125,7.067025,33.727720833333336,6.829960416666666,33.88896979166667
2020-11-24 00:00:00+00:00,9.05028125,32.295741666666665,7.092353191489361,33.68701489361701,6.562766666666666,33.91675
2020-11-25 00:00:00+00:00,8.60856170212766,32.51073829787234,6.96460652173913,33.72701739130435,6.346560416666667,33.95551145833333
2020-11-26 00:00:00+00:00,8.714952083333332,32.376302083333336,7.025946666666668,33.76972444444444,6.56831875,33.937076041666664
2020-11-27 00:00:00+00:00,9.036175000000002,32.264295833333335,7.115141860465116,33.75807674418604,6.530944791666666,33.93653020833333
2020-11-28 00:00:00+00:00,8.721360416666666,32.29881458333333,7.204851162790698,33.70742790697675,6.595871875,33.93165833333333
2020-11-29 00:00:00+00:00,8.838104166666666,32.27285625,7.138488095238095,33.68821190476191,6.423165625,33.956480208333325
2020-11-30 00:00:00+00:00,8.787545833333333,32.37436666666667,7.064324390243902,33.77963658536586,6.577903125,33.95591666666667
2020-12-01 00:00:00+00:00,8.65195,32.335366666666665,7.097253658536586,33.830446341463414,6.710261458333332,33.94570729166667
2020-12-02 00:00:00+00:00,8.710322916666668,32.276941666666666,6.933740476190475,33.75279523809523,6.472961458333334,33.95545520833333
2020-12-03 00:00:00+00:00,8.939143750000001,32.22988541666667,6.978006976744185,33.76916046511628,6.393919791666666,33.96433541666667
2020-12-04 00:00:00+00:00,9.298372916666667,32.203541666666666,7.158023255813952,33.78526279069767,6.692017708333334,33.949178124999996
2020-12-05 00:00:00+00:00,9.75876875,32.232925,7.110393478260869,33.78171739130435,6.8605729166666665,33.93209166666667
2020-12-06 00:00:00+00:00,9.518022916666666,32.22672291666667,7.191870833333333,33.729768750000005,6.881916666666666,33.91016979166667
2020-12-07 00:00:00+00:00,9.735997916666667,32.211166666666664,7.2011065217391295,33.74034130434783,6.768836458333333,33.92152291666667
2020-12-08 00:00:00+00:00,9.783993617021277,32.20491276595745,7.179119148936169,33.70977021276596,6.760549999999999,33.92580208333333
2020-12-09 00:00:00+00:00,9.631997916666668,32.18533333333333,7.031645652173912,33.719884782608695,6.692979166666667,33.92799791666667
2020-12-10 00:00:00+00:00,9.69240625,32.18562708333334,6.92932380952381,33.64545952380952,6.660786458333334,33.927690625000004
2020-12-11 00:00:00+00:00,9.440616666666665,32.14435208333333,7.124048780487805,33.67117073170732,6.117207291666666,33.96616875
2020-12-12 00:00:00+00:00,9.2298375,32.08260416666666,7.0631900000000005,33.70696,6.175940625,33.95887916666666
2020-12-13 00:00:00+00:00,9.093888636363637,32.00304545454545,7.03035,33.71914999999999,6.160938888888889,33.939794444444445
2020-12-14 00:00:00+00:00,9.125033333333334,32.11359111111111,6.524002631578947,33.662113157894744,6.220413636363636,33.91756931818182
2020-12-15 00:00:00+00:00,9.05329,32.07602,6.601784210526316,33.60452894736842,6.15787816091954,33.88105287356321
2020-12-16 00:00:00+00:00,9.032614583333332,32.07112291666667,6.633095,33.67092,6.194078723404258,33.9162414893617
2020-12-17 00:00:00+00:00,9.282277083333334,32.164375,6.818764102564103,33.77736923076923,6.372217708333333,33.94563958333333
2020-12-18 00:00:00+00:00,9.425185416666666,32.206010416666665,6.980462790697675,33.773220930232554,6.538166666666666,33.93934375
2020-12-19 00:00:00+00:00,9.258099999999999,32.16960434782609,7.0631978723404245,33.81055957446808,6.643752083333332,33.948156250000004
2020-12-20 00:00:00+00:00,9.04835625,32.177795833333334,7.189108333333333,33.799279166666665,6.657452083333332,33.94401354166666
2020-12-21 00:00:00+00:00,9.172099999999999,32.11878333333333,7.2546833333333325,33.798514583333336,6.713612500000001,33.94216458333333
2020-12-22 00:00:00+00:00,9.106044680851065,32.10962765957447,7.259597916666666,33.8199125,6.778160416666666,33.93856875
2020-12-23 00:00:00+00:00,8.732835416666667,32.18776041666667,7.302125,33.81126666666667,6.83370625,33.93864166666666
2020-12-24 00:00:00+00:00,8.548250000000001,32.17455833333333,7.304216666666666,33.815962500000005,6.729845833333333,33.942942708333334
2020-12-25 00:00:00+00:00,9.206589583333333,32.22972083333333,7.291184090909092,33.78255454545455,6.75871875,33.94799270833334
2020-12-26 00:00:00+00:00,9.363625,32.23198541666667,7.293318604651163,33.711725581395356,6.966291666666667,33.91043020833333
2020-12-27 00:00:00+00:00,9.342114583333334,32.22868541666667,7.340706976744186,33.67853953488372,6.815501041666667,33.93103854166667
2020-12-28 00:00:00+00:00,9.143577083333334,32.215635416666665,7.299956097560974,33.695675609756094,6.776546875,33.932168749999995
2020-12-29 00:00:00+00:00,8.986600000000001,32.13165744680851,7.331151282051282,33.67605641025641,6.887529166666667,33.92814479166666
2020-12-30 00:00:00+00:00,9.20546923076923,32.0582076923077,7.325731578947368,33.642171052631575,6.895044791666666,33.918967708333334
2020-12-31 00:00:00+00:00,9.143021621621623,32.055605405405394,7.316210526315787,33.66773421052631,6.992130208333333,33.89906249999999
2021-01-01 00:00:00+00:00,9.145973684210526,32.096344736842106,7.319305,33.641442500000004,6.943361458333334,33.89917916666667
2021-01-02 00:00:00+00:00,9.066779411764706,32.09212647058823,7.411525714285715,33.62989714285713,6.989317708333334,33.8938375
2021-01-03 00:00:00+00:00,8.899083333333333,32.04702916666667,7.420853658536585,33.61718048780487,7.046289583333333,33.888353125
2021-01-04 00:00:00+00:00,8.872269444444445,32.040725,7.3932649999999995,33.61784,6.956957291666666,33.89319583333333
2021-01-05 00:00:00+00:00,8.810521621621621,31.906456756756757,7.3005097560975605,33.511302439024384,7.005493749999999,33.90811770833333
2021-01-06 00:00:00+00:00,8.748891304347826,31.911599999999996,7.3987891891891895,33.610913513513516,7.193748958333334,33.87837291666666
2021-01-07 00:00:00+00:00,8.647013333333332,32.13142,7.443794871794873,33.471010256410246,7.253743750000001,33.84866770833333
2021-01-08 00:00:00+00:00,8.733371428571429,32.14954285714286,7.405642105263158,33.48602105263158,7.216247916666667,33.854640625
2021-01-09 00:00:00+00:00,8.756537931034483,32.1884551724138,7.525683333333335,33.41649166666667,7.310234375,33.81189479166667
2021-01-10 00:00:00+00:00,8.67898125,32.235959375,7.577257894736843,33.434110526315784,7.294279166666667,33.82666145833333
2021-01-11 00:00:00+00:00,8.782409523809523,32.207047619047614,7.61843846153846,33.41033076923077,7.3533656249999995,33.811171875
2021-01-12 00:00:00+00:00,8.79983913043478,32.14118260869565,7.670176666666666,33.344606666666664,7.428767032967032,33.75592747252747
2021-01-13 00:00:00+00:00,9.015966666666666,31.92298,7.840440740740741,33.19804444444445,7.1734217391304345,33.87992391304348
2021-01-14 00:00:00+00:00,8.936860606060606,32.089003030303026,7.6455264705882335,33.43352058823529,7.133137234042553,33.86313936170213
2021-01-15 00:00:00+00:00,8.767553846153845,32.26922692307692,7.782576666666667,33.3745,7.2331770833333335,33.8414875
2021-01-16 00:00:00+00:00,9.014362222222221,32.15630888888888,7.938515000000001,33.34182500000001,7.386712500000001,33.80675
2021-01-17 00:00:00+00:00,8.881993750000001,32.23208541666666,7.902069565217391,33.30400434782609,7.386694791666666,33.824367708333334
2021-01-18 00:00:00+00:00,9.118191666666666,32.06003125,7.9542,33.2539340425532,7.2149552083333335,33.83390833333333
2021-01-19 00:00:00+00:00,9.156972916666666,31.995404166666663,7.992570833333333,33.197720833333335,7.23966875,33.854996875000005
2021-01-20 00:00:00+00:00,9.13725625,32.026239583333336,7.843477083333333,33.25908958333333,6.994246874999999,33.900175
2021-01-21 00:00:00+00:00,9.115310416666667,32.086354166666666,7.60225625,33.45059583333333,6.960181249999999,33.917514583333336
2021-01-22 00:00:00+00:00,9.018622916666667,32.01394166666667,7.565579166666666,33.50326666666667,6.790705208333333,33.919753125
2021-01-23 00:00:00+00:00,8.994089583333333,32.023414583333334,7.391952083333334,33.53192083333333,6.485840624999999,33.947821875
2021-01-24 00:00:00+00:00,8.963783333333334,32.04255625,7.439144680851064,33.495476595744684,6.564745833333333,33.945115625
2021-01-25 00:00:00+00:00,8.8252375,31.981406250000003,7.394933333333334,33.58886888888888,6.6789635416666675,33.93805833333334
2021-01-26 00:00:00+00:00,8.82833125,31.978331249999997,7.330219047619049,33.642252380952385,6.664960416666667,33.928519791666666
2021-01-27 00:00:00+00:00,8.786189583333332,31.99116666666667,7.213180487804879,33.70811219512195,6.47343125,33.947300000000006
2021-01-28 00:00:00+00:00,8.71951875,31.920712499999997,7.247965853658537,33.7692,6.754928125,33.933759375
2021-01-29 00:00:00+00:00,8.737087500000001,32.049175,7.308860000000001,33.7510875,6.711368749999999,33.936686458333334
2021-01-30 00:00:00+00:00,8.650727083333333,32.00562083333333,7.4025243902439035,33.73031951219512,6.642308333333332,33.94556875
2021-01-31 00:00:00+00:00,8.505778723404257,31.830219148936173,7.3758842105263165,33.72372631578947,6.639283333333332,33.947896875000005
2021-02-01 00:00:00+00:00,8.726039583333334,31.96847083333333,7.41561794871795,33.67558717948719,6.832559375,33.91090416666667
2021-02-02 00:00:00+00:00,8.651172727272728,32.071925,7.611307317073171,33.63813414634146,6.812139583333333,33.90979166666667
2021-02-03 00:00:00+00:00,8.300628571428572,32.33821666666667,7.5160357142857155,33.61005238095239,6.704823958333333,33.92600520833333
2021-02-04 00:00:00+00:00,8.299774418604652,32.29998372093023,7.4698190476190485,33.69294047619048,6.9906822916666655,33.897534375
2021-02-05 00:00:00+00:00,8.468146153846154,32.27523846153847,7.5922789473684205,33.679110526315796,7.0487375000000005,33.905464583333334
2021-02-06 00:00:00+00:00,8.570033333333333,32.2178375,7.6439651162790705,33.64277906976745,7.017621875000001,33.909852083333334
2021-02-07 00:00:00+00:00,8.714766666666668,32.080727083333336,7.403571428571427,33.64587857142857,6.449787499999999,33.9748875
2021-02-08 00:00:00+00:00,8.463325,31.704056249999997,7.270392682926829,33.7365756097561,6.1196656250000006,33.98829791666667
2021-02-09 00:00:00+00:00,8.30190625,31.587302083333338,7.0647975,33.827395,5.990366666666667,33.99310208333333
2021-02-10 00:00:00+00:00,8.09704,31.520619999999997,6.9223550000000005,33.852937499999996,5.913626041666667,34.00038645833333
2021-02-11 00:00:00+00:00,8.256589130434783,31.617469565217398,6.899700000000002,33.85874054054054,6.0728583333333335,33.996956250000004
2021-02-12 00:00:00+00:00,8.234499999999999,31.684325,6.914251282051282,33.893492307692306,6.253346874999999,33.991684375
2021-02-13 00:00:00+00:00,8.031195833333333,31.706666666666667,7.108266666666665,33.86438974358975,6.530714583333332,33.972455208333336
2021-02-14 00:00:00+00:00,8.267072916666667,32.01198958333333,7.3929282051282055,33.80588461538462,6.913027083333333,33.938728125
2021-02-15 00:00:00+00:00,8.168748936170214,32.170759574468086,7.451078048780489,33.66085609756097,7.219757291666667,33.86854895833333
2021-02-16 00:00:00+00:00,7.9487775,32.2016,7.449700000000001,33.64482444444445,7.111111458333333,33.895997916666666
2021-02-17 00:00:00+00:00,8.244816666666667,31.790045833333334,7.719116666666667,33.69949166666667,6.839852083333334,33.909774999999996
2021-02-18 00:00:00+00:00,8.25784375,31.981414583333333,7.773966666666667,33.66040208333333,6.502196875,33.93092395833333
2021-02-19 00:00:00+00:00,8.129435416666666,32.12464166666667,7.692727083333334,33.66190208333334,6.385425000000001,33.938432291666665
2021-02-20 00:00:00+00:00,8.141133333333334,31.85476875,7.513729166666667,33.678179166666666,6.617129166666667,33.923156250000005
2021-02-21 00:00:00+00:00,8.19928125,31.905831250000002,7.478660416666667,33.741816666666665,6.594284375000001,33.930089583333334
2021-02-22 00:00:00+00:00,8.160283333333332,31.892168750000007,7.5446625,33.73489375,6.425607291666666,33.94189375
2021-02-23 00:00:00+00:00,8.115485416666667,31.900983333333333,7.4440791666666675,33.70747708333334,6.437558333333333,33.93473958333333
2021-02-24 00:00:00+00:00,8.037214583333332,31.84980416666666,7.51159111111111,33.60321555555556,6.296464583333333,33.9414625
2021-02-25 00:00:00+00:00,7.965831250000001,31.87273958333334,7.486975000000001,33.61589545454546,6.049427083333332,33.95938854166667
2021-02-26 00:00:00+00:00,7.865258333333333,31.961714583333336,7.384007317073171,33.61798048780488,6.0162562500000005,33.969365625
2021-02-27 00:00:00+00:00,7.6793562500000005,31.95466875,7.180930000000001,33.66581,6.07236875,33.973902083333336
2021-02-28 00:00:00+00:00,7.563912500000001,31.856385416666665,7.1094837837837845,33.700702702702706,5.961794791666666,33.98269270833333
2021-03-01 00:00:00+00:00,7.56920625,31.765775,7.146800000000001,33.730894444444445,5.7865375000000006,34.00564375
2021-03-02 00:00:00+00:00,7.585183333333333,31.813254166666667,7.022471794871796,33.776471794871796,5.455354166666666,34.028834374999995
2021-03-03 00:00:00+00:00,7.566191666666666,31.81900833333333,7.017980487804879,33.788041463414636,5.599960416666666,34.00355104166667
2021-03-04 00:00:00+00:00,7.51736875,31.909156250000006,6.953048780487806,33.80742439024391,5.770335416666666,33.97898020833333
2021-03-05 00:00:00+00:00,7.542740425531917,31.946789361702123,6.711945238095238,33.82464285714285,6.28526875,33.93309791666667
2021-03-06 00:00:00+00:00,7.624885416666667,31.96077291666667,6.957634090909092,33.789145454545455,6.326943750000001,33.9333375
2021-03-07 00:00:00+00:00,7.595329787234043,31.969604255319144,7.161904347826086,33.82387608695652,6.5606687500000005,33.91289166666667
2021-03-08 00:00:00+00:00,7.7204437499999985,32.06792083333333,7.348635555555554,33.812868888888886,6.628390625000001,33.924733333333336
2021-03-09 00:00:00+00:00,7.679202083333334,32.07328541666667,7.307895555555555,33.751511111111114,6.787103125000001,33.91448020833334
2021-03-10 00:00:00+00:00,7.679479166666667,32.10915416666666,7.297027272727272,33.716531818181814,6.645241666666666,33.92349375
2021-03-11 00:00:00+00:00,7.86743125,32.07968125,7.24276976744186,33.66562325581395,6.5732760416666665,33.923545833333336
2021-03-12 00:00:00+00:00,7.755866666666666,31.844204166666668,7.25050243902439,33.64085609756098,6.478001041666666,33.929802083333335
2021-03-13 00:00:00+00:00,7.75644375,32.07442916666667,7.1950275,33.7531125,6.345833333333334,33.944151041666665
2021-03-14 00:00:00+00:00,7.78575,32.180275,7.296711904761905,33.77873809523809,6.500284375,33.932039583333335
2021-03-15 00:00:00+00:00,7.887054166666668,32.193866666666665,7.336033333333334,33.69631555555556,6.6955864583333335,33.913016666666664
2021-03-16 00:00:00+00:00,7.845360416666668,32.13921875,7.389045454545456,33.658775,6.388982291666667,33.94486666666666
2021-03-17 00:00:00+00:00,7.846797916666667,32.105327083333336,7.371047727272728,33.715922727272726,6.136209375,33.9646375
2021-03-18 00:00:00+00:00,7.8135104166666665,32.08867708333333,7.251195652173912,33.76948695652174,6.194746875,33.96317291666667
2021-03-19 00:00:00+00:00,7.831635416666667,32.138754166666665,7.028243749999999,33.80238333333333,6.399045833333333,33.95119270833334
2021-03-20 00:00:00+00:00,7.7989500000000005,32.18205,7.1570729166666665,33.78958958333334,6.506991666666667,33.940487499999996
2021-03-21 00:00:00+00:00,7.858877083333333,32.20038125,7.552868750000001,33.748185416666665,6.71611875,33.921525
2021-03-22 00:00:00+00:00,7.830112500000001,31.77991666666667,7.376595833333333,33.683985416666665,6.456358333333333,33.94442291666667
2021-03-23 00:00:00+00:00,7.864866666666667,31.772566666666666,7.400789583333334,33.73401666666667,6.311893749999999,33.95610625
2021-03-24 00:00:00+00:00,7.905754166666665,32.0686125,7.423360416666665,33.71468958333333,6.354315624999999,33.953353125
2021-03-25 00:00:00+00:00,7.8764770833333335,31.85879375,7.4657229166666665,33.70481458333334,6.342539583333333,33.95609270833333
2021-03-26 00:00:00+00:00,7.808739583333334,31.76340833333333,7.392238636363637,33.65535681818181,6.175811458333333,33.96395729166667
2021-03-27 00:00:00+00:00,7.761514583333333,31.946960416666666,7.335659523809524,33.62889523809524,6.136989583333334,33.963655208333336
2021-03-28 00:00:00+00:00,7.7208,32.045683333333336,7.1547888888888895,33.62586944444445,5.7305447916666665,34.00190416666666
2021-03-29 00:00:00+00:00,7.726395833333332,32.077641666666665,7.0449864864864855,33.69217837837838,5.74083125,33.997937500000006
2021-03-30 00:00:00+00:00,7.7197125,32.04159791666667,6.838285294117647,33.72781764705883,5.953076041666667,33.97299583333333
2021-03-31 00:00:00+00:00,7.738274999999999,32.060977083333334,6.796984210526316,33.728049999999996,5.850617708333334,33.986614583333335
2021-04-01 00:00:00+00:00,7.6981270833333335,32.15598541666667,6.826356097560975,33.72039268292683,5.519813541666667,34.021146875
2021-04-02 00:00:00+00:00,7.682835416666666,32.16970625,6.643153658536584,33.789939024390236,5.455251041666666,34.02603229166667
2021-04-03 00:00:00+00:00,7.580529166666667,32.12839375000001,6.546158139534884,33.814106976744185,5.720013541666667,33.996464583333335
2021-04-04 00:00:00+00:00,7.5542041666666675,32.109874999999995,6.6589062499999985,33.84507291666667,5.873580208333333,33.978028125
2021-04-05 00:00:00+00:00,7.5843125,32.0626,6.742450000000001,33.81593958333333,5.9906322916666666,33.96425833333333
2021-04-06 00:00:00+00:00,7.520554166666667,31.86630416666667,6.704325,33.84373333333333,6.018337500000001,33.95976354166667
2021-04-07 00:00:00+00:00,7.528429166666666,31.919624999999996,6.492839583333333,33.869381249999996,5.9028510416666675,33.97555520833333
2021-04-08 00:00:00+00:00,7.53588125,31.911239583333337,6.535722916666667,33.85905208333333,5.815597916666666,33.98621666666667
2021-04-09 00:00:00+00:00,7.506704166666666,31.814018750000002,6.635770833333332,33.86127916666667,5.850330208333333,33.9869875
2021-04-10 00:00:00+00:00,7.486272916666667,31.896908333333332,6.624855319148936,33.85468936170213,5.99750625,33.973715625000004
2021-04-11 00:00:00+00:00,7.510077083333333,31.884481250000004,6.535564444444444,33.864711111111106,5.9594395833333325,33.97556145833333
2021-04-12 00:00:00+00:00,7.5116625,31.898743749999998,6.487584090909092,33.86335454545454,5.8488125,33.984397916666666
2021-04-13 00:00:00+00:00,7.52818125,31.874512499999998,6.4869318181818185,33.856143181818176,5.798383333333334,33.98170416666667
2021-04-14 00:00:00+00:00,7.5228625,31.923037500000003,6.420886046511628,33.86489302325581,5.66300625,33.991184374999996
2021-04-15 00:00:00+00:00,7.51145,31.981810416666672,6.431902272727274,33.85205454545455,5.568809375,33.999066666666664
2021-04-16 00:00:00+00:00,7.476568750000001,32.068287500000004,6.526965909090907,33.85160909090909,5.688350000000001,33.98606458333333
2021-04-17 00:00:00+00:00,7.451022916666666,31.93266875,6.608133333333332,33.82697291666667,5.729441666666666,33.978671874999996
2021-04-18 00:00:00+00:00,7.473779166666667,31.89543125,6.628299999999999,33.78072291666667,5.546600000000001,34.008605208333336
2021-04-19 00:00:00+00:00,7.461860416666667,31.93503541666667,6.538175,33.811677083333336,5.5087593749999995,34.0080875
2021-04-20 00:00:00+00:00,7.48124375,31.958975,6.3668354166666665,33.85987291666667,5.776467708333333,33.98435416666666
2021-04-21 00:00:00+00:00,7.5222291666666665,31.90343125,6.261195833333333,33.87053958333333,6.032514583333334,33.96109583333333
2021-04-22 00:00:00+00:00,7.510614583333333,31.88435,6.349506250000001,33.86925625,6.064145833333332,33.95644895833333
2021-04-23 00:00:00+00:00,7.50168125,31.96069375,6.363179166666666,33.86735625,5.916001041666667,33.96662916666667
2021-04-24 00:00:00+00:00,7.4541125,31.92675,6.343475000000001,33.871158333333334,5.724704166666666,33.982737500000006
2021-04-25 00:00:00+00:00,7.4565020833333335,31.968197916666668,6.299416279069766,33.87503720930232,5.5407697916666665,34.001715625
2021-04-26 00:00:00+00:00,7.44736875,31.940120833333335,6.275107894736842,33.87233684210526,5.6070697916666665,33.99324791666667
2021-04-27 00:00:00+00:00,7.6225375,31.87034375,6.35481081081081,33.860710810810815,5.607281914893616,33.990921276595735
2021-04-28 00:00:00+00:00,8.002025000000001,31.89237916666666,6.324883783783784,33.86405135135135,5.648641111111111,33.985901111111104
2021-04-29 00:00:00+00:00,7.7287333333333335,32.14956041666667,6.1935128205128205,33.854528205128204,5.867158426966292,33.960603370786515
2021-04-30 00:00:00+00:00,7.627175,32.41882916666666,6.4303307692307685,33.7951717948718,6.165804347826086,33.91564782608695
2021-05-01 00:00:00+00:00,7.570704166666668,32.37184791666667,6.534804878048781,33.74306097560976,6.051772916666667,33.92573958333333
2021-05-02 00:00:00+00:00,7.715616666666667,32.263410416666666,6.542765116279072,33.732974418604655,5.958702083333333,33.94609166666667
2021-05-03 00:00:00+00:00,7.839504166666667,32.29804166666667,6.451058333333333,33.775181249999996,5.919910416666667,33.954903124999994
2021-05-04 00:00:00+00:00,7.951402083333332,32.2893625,6.474864583333333,33.78771666666667,5.915953125000001,33.958475
2021-05-05 00:00:00+00:00,8.0563875,32.26222083333334,6.4346375,33.77669166666667,5.893579166666666,33.96571666666667
2021-05-06 00:00:00+00:00,7.998170833333333,32.26961041666667,6.462585416666666,33.78465625,5.9210312499999995,33.9621
2021-05-07 00:00:00+00:00,8.037183333333333,32.26334166666667,6.5927875,33.763799999999996,5.920222916666667,33.96632916666667
2021-05-08 00:00:00+00:00,8.078060416666666,32.25252916666667,6.532833333333333,33.76723125,5.8366114583333335,33.97761458333333
2021-05-09 00:00:00+00:00,7.9779437500000006,32.15395833333333,6.525622222222223,33.792833333333334,5.8470489583333345,33.979338541666664
2021-05-10 00:00:00+00:00,8.044185416666666,32.12140625,6.487625,33.791588636363635,5.878391666666666,33.978503124999996
2021-05-11 00:00:00+00:00,8.307177083333334,32.19542083333334,6.501831818181818,33.78877954545455,5.886542708333333,33.975987499999995
2021-05-12 00:00:00+00:00,8.12215,32.22385416666667,6.459772093023257,33.79643023255814,5.834848958333332,33.981403125
2021-05-13 00:00:00+00:00,8.066504166666666,32.22881041666667,6.418618604651163,33.79472790697674,5.825915625,33.98447708333333
2021-05-14 00:00:00+00:00,7.739362500000001,32.0559625,6.3758418604651155,33.80739302325582,5.840683333333334,33.9863
2021-05-15 00:00:00+00:00,7.985764583333332,32.167475,6.4238386363636355,33.786100000000005,5.855427083333333,33.97921145833333
2021-05-16 00:00:00+00:00,8.186189583333332,32.17480833333333,6.475320833333332,33.750750000000004,5.694742708333333,34.000934375
2021-05-17 00:00:00+00:00,8.008875,32.03739166666667,6.377595833333333,33.7687375,5.523970833333332,34.028388541666665
2021-05-18 00:00:00+00:00,7.862216666666668,32.08364791666666,6.303549999999999,33.80075208333333,5.432713541666666,34.03063541666667
2021-05-19 00:00:00+00:00,7.727089583333332,32.09178125,6.159789583333333,33.84879375,5.582408333333333,34.02588854166667
2021-05-20 00:00:00+00:00,7.615020833333333,32.12684166666667,6.071447916666667,33.88390208333333,5.737134375,34.01017395833333
2021-05-21 00:00:00+00:00,7.611758333333333,32.155464583333334,6.1101125,33.89149166666667,5.844809375,33.998982291666664
2021-05-22 00:00:00+00:00,7.621264583333333,32.19614166666667,6.145608333333333,33.89126666666667,5.850791666666667,33.9973125
2021-05-23 00:00:00+00:00,7.614868749999999,32.19575416666667,6.151936363636364,33.88691136363636,5.791248958333333,34.00246041666667
2021-05-24 00:00:00+00:00,7.597327083333333,32.20907291666666,6.129145238095238,33.87320952380952,5.810973958333334,34.00111458333333
2021-05-25 00:00:00+00:00,7.617610416666667,32.21598125,6.183619512195122,33.87377317073171,5.753853125,34.00955833333333
2021-05-26 00:00:00+00:00,7.612293750000002,32.224522916666665,6.2598820512820526,33.839600000000004,5.847138202247192,33.99804044943821
2021-05-27 00:00:00+00:00,7.911802083333334,32.1731625,6.300633333333333,33.84356666666666,5.7857318181818185,34.00364090909091
2021-05-28 00:00:00+00:00,7.7745395833333335,32.270772916666665,6.554007692307692,33.83409487179486,5.9449808988764055,33.98528426966293
2021-05-29 00:00:00+00:00,7.5764375,32.32825208333333,6.398685,33.794065,5.991841666666666,33.97187395833333
2021-05-30 00:00:00+00:00,7.599354166666667,32.34213541666667,6.279690476190477,33.80724523809524,5.787219791666666,34.002493750000006
2021-05-31 00:00:00+00:00,7.972052083333334,32.279147916666666,6.267443181818183,33.8527,5.952901041666666,33.988283333333335
2021-06-01 00:00:00+00:00,7.8097562499999995,32.29574375,6.278325,33.85559583333333,5.994512499999999,33.977073958333335
2021-06-02 00:00:00+00:00,7.8159125000000005,32.22685,6.283793750000001,33.83277916666666,6.03293125,33.973665625
2021-06-03 00:00:00+00:00,7.749229787234044,32.23686808510638,6.2822045454545465,33.82454545454545,5.997681176470588,33.97578823529412
2021-06-04 00:00:01+00:00,8.093268,32.157452,6.28539,33.735440000000004,5.859123076923077,33.94563333333333
2021-06-05 00:00:01+00:00,7.99324375,32.107981249999995,6.294180952380952,33.73329047619048,5.752339999999999,33.9602225
2021-06-06 00:00:01+00:00,8.070580769230768,32.006355769230765,6.259114285714286,33.78731428571428,5.745955555555556,33.96303055555555
2021-06-07 00:00:01+00:00,8.384410416666666,31.991429166666666,6.210352380952382,33.82608571428571,5.81790909090909,33.95878787878788
2021-06-08 00:00:01+00:00,8.111752941176471,32.070464705882344,6.2017299999999995,33.838865,5.8580125,33.948353125
2021-06-09 00:00:01+00:00,8.467211627906977,32.050355813953495,6.202680952380952,33.830795238095234,5.924625,33.926634375
2021-06-10 00:00:01+00:00,8.663373469387755,31.97554693877551,6.188830000000001,33.839884999999995,5.938775,33.925359375
2021-06-11 00:00:01+00:00,8.870014,32.0049,6.204345,33.836385,5.981556250000001,33.925643750000006
2021-06-12 00:00:01+00:00,10.332231914893617,31.975476595744684,6.234161111111112,33.856455555555556,6.025634374999999,33.915521874999996
2021-06-13 00:00:01+00:00,9.38038888888889,32.00550444444444,6.418452631578948,33.82996315789473,6.1364,33.88921875
2021-06-14 00:00:01+00:00,9.461737500000002,31.994889999999998,6.5401,33.799226315789475,6.214847058823529,33.87355294117647
2021-06-15 00:00:01+00:00,9.6174375,32.08638333333334,6.597773684210527,33.75451052631579,6.330824242424242,33.85595757575757
2021-06-16 00:00:01+00:00,9.108382222222222,32.14684888888889,6.682557894736843,33.70834736842105,6.202445714285713,33.874280000000006
2021-06-17 00:00:01+00:00,9.496558333333333,32.1259625,6.707275,33.71082499999999,6.057333333333333,33.91169444444445
2021-06-18 00:00:01+00:00,9.714298076923075,32.12423653846154,6.710213636363636,33.72788636363637,6.11192972972973,33.90367297297297
2021-06-19 00:00:01+00:00,9.243824528301888,32.165367924528304,6.655927272727271,33.73871818181818,6.07489,33.9108975
2021-06-20 00:00:01+00:00,9.031507272727271,32.03751454545455,6.548663636363636,33.74699545454545,5.987094871794872,33.90980512820512
2021-06-21 00:00:01+00:00,8.82773829787234,32.026044680851065,6.5876142857142845,33.779295238095244,5.893822857142856,33.92229428571429
2021-06-22 00:00:01+00:00,8.902429166666666,31.99140625,6.608831818181819,33.74000909090909,5.686634375000001,33.9539875
2021-06-23 00:00:01+00:00,9.228004545454546,31.937234090909087,6.489605,33.693889999999996,5.671412903225807,33.9565
2021-06-24 00:00:01+00:00,9.132428260869563,31.964080434782613,6.439436363636364,33.699868181818175,5.666756666666667,33.95294333333333
2021-06-25 00:00:01+00:00,9.080703999999999,32.02326600000001,6.38319090909091,33.695995454545454,5.4614400000000005,33.990806666666664
2021-06-26 00:00:01+00:00,9.520530612244897,31.984624489795916,6.3862,33.69638181818181,5.568753333333334,33.98455666666667
2021-06-27 00:00:01+00:00,9.457726000000001,31.97089,6.158795454545455,33.83075909090909,5.800348387096775,33.963648387096775
2021-06-28 00:00:01+00:00,9.300034,31.996747999999997,6.428177272727272,33.87225,6.00353870967742,33.93438709677419
2021-06-29 00:00:01+00:00,9.383012,31.93373,6.3893,33.858145454545465,6.0370060606060605,33.919406060606065
2021-06-30 00:00:01+00:00,9.109092592592592,31.93372222222222,6.388328571428572,33.856,6.052187878787878,33.92238484848485
2021-07-01 00:00:01+00:00,9.231549056603773,31.835466037735845,6.387743478260869,33.86910869565217,6.139345714285714,33.91274571428571
2021-07-02 00:00:01+00:00,9.197516363636362,31.898596363636365,6.488204166666667,33.864425000000004,6.245894871794873,33.90467692307693
2021-07-03 00:00:01+00:00,9.516876785714285,31.83592857142857,6.542045454545456,33.852227272727276,6.260084615384615,33.89122051282051
2021-07-04 00:00:01+00:00,9.018496428571428,31.934667857142852,6.518608695652174,33.8544652173913,6.216902564102564,33.917597435897434
2021-07-05 00:00:01+00:00,8.385767307692307,32.071075,6.482894999999999,33.87568,5.953676315789474,33.96041052631578
2021-07-06 00:00:01+00:00,8.37895625,32.129725,6.249085,33.865415,5.78421282051282,33.98454615384615
2021-07-07 00:00:01+00:00,8.496985714285714,32.10991428571429,6.359075,33.887425,5.736947222222223,33.961755555555555
2021-07-08 00:00:01+00:00,8.4664,32.20815102040816,6.4338999999999995,33.882729999999995,5.866223529411765,33.94872647058824
2021-07-09 00:00:01+00:00,8.50457142857143,32.27268163265306,6.212477272727273,33.85834090909091,6.123009090909092,33.922678787878795
2021-07-10 00:00:01+00:00,8.231189795918368,32.28044081632654,6.385133333333333,33.853642857142844,6.258954838709679,33.88140322580645
2021-07-11 00:00:01+00:00,8.280334,32.20482,6.483980952380951,33.81848095238095,6.273335483870968,33.85942258064515
2021-07-12 00:00:01+00:00,8.31776,32.240984,6.514895454545456,33.79356363636364,6.241721875,33.86860625
2021-07-13 00:00:01+00:00,8.479933333333333,32.30817058823529,6.3896999999999995,33.780078260869566,6.101384848484848,33.901633333333336
2021-07-14 00:00:01+00:00,8.238052941176472,32.18373725490196,6.200313636363637,33.77781818181818,5.757469696969697,33.96647575757575
2021-07-15 00:00:01+00:00,8.413757692307694,32.20202692307692,6.275065217391304,33.81956521739131,5.759770588235293,33.96929705882353
2021-07-16 00:00:01+00:00,8.652362264150943,32.196466037735846,6.336416666666666,33.81987083333333,5.735105714285713,33.97548857142857
2021-07-17 00:00:01+00:00,8.649989285714286,32.18794285714286,6.345445833333334,33.8151125,5.739407894736842,33.97672631578947
2021-07-18 00:00:01+00:00,8.724714285714287,32.14160357142857,6.4434708333333335,33.824783333333336,5.9551,33.95492564102564
2021-07-19 00:00:01+00:00,8.824698113207546,32.08051509433962,6.366795454545454,33.82044999999999,6.100094736842106,33.9436447368421
2021-07-20 00:00:01+00:00,8.933802083333333,32.084552083333335,6.415909999999999,33.828514999999996,6.207448571428571,33.93844285714285
2021-07-21 00:00:01+00:00,8.630476595744682,32.15302340425532,6.396704999999999,33.828715,6.281521875,33.928684375
2021-07-22 00:00:01+00:00,8.410782608695653,32.18082826086957,6.41644,33.81821000000001,6.288933333333333,33.92568000000001
2021-07-23 00:00:01+00:00,8.675226086956522,32.127928260869574,6.386761904761905,33.80980000000001,6.24754,33.92227333333334
2021-07-24 00:00:01+00:00,8.761759183673469,32.13931020408163,6.40995909090909,33.80158181818182,6.167775862068966,33.92946206896551
2021-07-25 00:00:01+00:00,8.756487755102041,32.128069387755104,6.428286363636364,33.79931818181818,6.1371199999999995,33.933553333333336
2021-07-26 00:00:01+00:00,8.758678431372548,32.12166470588235,6.429917391304349,33.8116043478261,6.127570967741937,33.93368709677419
2021-07-27 00:00:01+00:00,8.769188235294118,32.12864117647059,6.425147826086957,33.79772173913044,6.06374375,33.942012500000004
2021-07-28 00:00:01+00:00,8.875341509433964,32.137741509433965,6.405504166666667,33.79120416666667,6.0246249999999995,33.942640624999996
2021-07-29 00:00:01+00:00,8.982011111111113,32.09735555555555,6.386604166666667,33.803125,5.975526470588235,33.94832058823529
2021-07-30 00:00:01+00:00,8.680192592592594,32.14803888888889,6.40884347826087,33.79052608695652,5.912718918918918,33.95913513513514
2021-07-31 00:00:01+00:00,8.775901818181818,32.09637272727273,6.415147826086958,33.787534782608695,5.8767475000000005,33.9620025
2021-08-01 00:00:01+00:00,8.90597741935484,32.145824193548385,6.415233333333333,33.78258333333333,5.931205,33.960955
2021-08-02 00:00:01+00:00,8.732152459016396,32.15898032786885,6.483222727272727,33.755804545454545,6.002007692307692,33.959458974358974
2021-08-03 00:00:01+00:00,8.887872222222223,32.115514814814816,6.4542142857142855,33.781442857142856,6.052079487179488,33.958766666666655
2021-08-04 00:00:01+00:00,8.960532653061225,32.06235510204082,6.409241176470588,33.81527647058823,6.108902631578948,33.958676315789475
2021-08-05 00:00:01+00:00,8.879704255319151,32.08284468085107,6.374317647058823,33.824000000000005,6.156797222222222,33.951063888888896
2021-08-06 00:00:01+00:00,8.95649375,32.11545833333333,6.39339,33.843864999999994,6.202005882352942,33.948338235294116
2021-08-07 00:00:01+00:00,8.971312500000002,32.10787083333334,6.402190476190477,33.851228571428564,6.180232258064516,33.95030645161291
2021-08-08 00:00:01+00:00,8.997361224489795,32.103148979591836,6.490336363636363,33.89724999999999,6.283287096774193,33.9386129032258
2021-08-09 00:00:01+00:00,9.256453846153846,32.08910384615385,6.5348999999999995,33.884595652173914,6.365826666666665,33.927716666666676
2021-08-10 00:00:01+00:00,9.824682352941178,32.07788627450981,6.51076956521739,33.86887391304348,6.29965625,33.928859375
2021-08-11 00:00:01+00:00,9.35691320754717,32.16048679245283,6.487552173913044,33.860934782608695,6.25589375,33.935987499999996
2021-08-12 00:00:01+00:00,8.98880566037736,32.20408113207547,6.411143478260869,33.83341304347825,6.2709624999999996,33.914071875000005
2021-08-13 00:00:01+00:00,8.651711538461537,32.232173076923075,6.410329166666666,33.82539583333333,6.192421212121212,33.926669696969704
2021-08-14 00:00:01+00:00,8.827549999999999,32.24256153846154,6.423741666666667,33.829625,6.087817142857143,33.945637142857144
2021-08-15 00:00:01+00:00,8.940659649122807,32.2510701754386,6.501566666666666,33.851825,6.125979487179486,33.955489743589744
2021-08-16 00:00:01+00:00,8.664972413793105,32.244472413793105,6.5664750000000005,33.8851,6.400915384615385,33.91906923076923
2021-08-17 00:00:01+00:00,8.773741509433963,32.17365849056604,6.721834782608696,33.85451304347827,6.614432432432432,33.882086486486486
2021-08-18 00:00:01+00:00,8.946102127659573,32.25524893617021,6.821585000000001,33.823485000000005,6.619484210526316,33.871086842105264
2021-08-19 00:00:01+00:00,8.541202083333333,32.26029166666667,6.875229999999999,33.81693,6.507625,33.894262499999996
2021-08-20 00:00:01+00:00,8.40112391304348,32.31490217391304,6.8522300000000005,33.81343499999999,6.40863870967742,33.92002580645161
2021-08-21 00:00:01+00:00,8.566572340425534,32.289063829787224,6.67009090909091,33.814309090909084,6.263776666666667,33.93665666666667
2021-08-22 00:00:01+00:00,8.558402040816325,32.29262857142857,6.644086956521739,33.82383043478261,6.1025599999999995,33.957496666666664
2021-08-23 00:00:01+00:00,8.340188000000001,32.327726000000006,6.615479166666667,33.81608333333333,6.074103333333334,33.96679666666667
2021-08-24 00:00:01+00:00,8.313105660377358,32.32374339622642,6.7357249999999995,33.822224999999996,6.105659375,33.9658625
2021-08-25 00:00:01+00:00,8.446970370370373,32.29763888888888,6.640073913043478,33.85014347826087,6.13638125,33.968803124999994
2021-08-26 00:00:01+00:00,8.537141509433964,32.25679622641509,6.550820833333333,33.867416666666664,6.1898606060606065,33.95961515151515
2021-08-27 00:00:01+00:00,9.239213461538462,32.22869423076923,6.694860869565216,33.89537826086956,6.3916916666666665,33.94344444444444
2021-08-28 00:00:01+00:00,8.666192857142857,32.611426785714286,6.801470833333333,33.868408333333335,6.562441025641026,33.91744102564103
2021-08-29 00:00:01+00:00,7.724188135593219,32.83611694915254,6.84825909090909,33.82897727272728,6.648672500000001,33.8928875
2021-08-30 00:00:01+00:00,7.938552307692308,32.88073384615385,6.931680952380951,33.76154761904762,6.5187292682926845,33.90887804878049
2021-08-31 00:00:01+00:00,8.035248333333334,32.68249166666667,6.967281249999999,33.7495,6.464432499999999,33.913065
2021-09-01 00:00:01+00:00,8.153251785714286,32.665614285714284,6.920400000000001,33.727500000000006,6.306395,33.9464575
2021-09-02 00:00:01+00:00,8.061089361702127,32.73814893617021,6.894827777777778,33.76414444444444,6.397810256410256,33.93315384615385
2021-09-03 00:00:01+00:00,8.385724489795917,32.7195693877551,6.880733333333334,33.782355555555554,6.224589189189189,33.957008108108106
2021-09-04 00:00:01+00:00,8.67572,32.598962,6.8010789473684214,33.80434210526316,6.273021212121211,33.96984545454545
2021-09-05 00:00:01+00:00,8.676373076923078,32.57296730769231,6.697363636363636,33.88064090909091,6.4588625,33.95923125
2021-09-06 00:00:01+00:00,8.115991836734693,32.73458979591837,6.954640909090911,33.913695454545454,6.612983870967742,33.95514193548387
2021-09-07 00:00:01+00:00,7.906043749999999,32.792981250000004,6.938234782608694,33.87808695652174,6.576853333333333,33.94976333333334
2021-09-08 00:00:01+00:00,7.708214000000002,32.60112,6.830145833333333,33.83326666666667,6.510725806451612,33.93648064516129
2021-09-09 00:00:01+00:00,7.58225,32.409366000000006,6.898496,33.805184,6.519109677419355,33.923838709677426
2021-09-10 00:00:01+00:00,7.726338461538461,32.37787884615385,6.909434782608696,33.7888,6.450461290322581,33.93732903225806
2021-09-11 00:00:01+00:00,7.989350980392158,32.36879019607843,6.995117391304348,33.8226,6.521753125,33.93335625
2021-09-12 00:00:01+00:00,8.108992307692308,32.361432692307694,6.968660869565218,33.7906,6.534157142857143,33.94029142857143
2021-09-13 00:00:01+00:00,7.827876363636364,32.38386363636364,6.925204347826087,33.786630434782616,6.417389743589744,33.95163846153847
2021-09-14 00:00:01+00:00,8.020978947368421,32.380038596491225,6.934536363636362,33.812536363636355,6.389765,33.951715
2021-09-15 00:00:01+00:00,8.494816,32.381498,6.9802,33.837717391304345,6.37493947368421,33.95374736842106
2021-09-16 00:00:01+00:00,8.323456862745099,32.43066666666667,6.9575666666666685,33.832885714285716,6.458664864864865,33.94370810810811
2021-09-17 00:00:01+00:00,8.228187755102041,32.446618367346936,6.933235000000001,33.81662,6.347278787878788,33.95545757575758
2021-09-18 00:00:01+00:00,8.2134679245283,32.477169811320756,6.9665681818181815,33.85271818181818,6.192421875000001,33.975131250000004
2021-09-19 00:00:01+00:00,8.028991666666668,32.365770833333336,6.8718590909090915,33.85720454545455,6.496728125,33.949015625
2021-09-20 00:00:01+00:00,8.187952173913043,32.34635869565218,6.954550000000001,33.81343636363636,6.443177419354838,33.95133225806451
2021-09-21 00:00:01+00:00,8.126059574468085,32.354021276595745,6.922186956521739,33.8229347826087,6.366786666666667,33.959656666666675
2021-09-22 00:00:01+00:00,7.939976470588235,32.37086470588235,6.8715391304347815,33.81079130434783,6.513993548387097,33.93985806451613
2021-09-23 00:00:01+00:00,8.312282692307692,32.345294230769234,6.9262434782608695,33.81616521739131,6.566315625,33.9247625
2021-09-24 00:00:01+00:00,9.313978431372547,32.266749019607836,6.920116666666668,33.77944166666666,6.420430303030303,33.94428181818182
2021-09-25 00:00:01+00:00,9.123243396226416,32.313347169811315,6.928645833333334,33.789229166666665,6.287665714285715,33.962737142857144
2021-09-26 00:00:01+00:00,8.462112962962962,32.37782777777778,6.860854545454546,33.825368181818185,6.3026081081081085,33.95518918918919
2021-09-27 00:00:01+00:00,8.647287037037039,32.40196111111111,6.793104545454545,33.85156363636363,6.264605,33.953495
2021-09-28 00:00:01+00:00,8.52105283018868,32.554424528301894,6.864077777777777,33.881,6.450092682926828,33.92981463414635
2021-09-29 00:00:01+00:00,8.65763559322034,32.516345762711865,6.9746,33.881249999999994,6.791897619047621,33.90694285714286
2021-09-30 00:00:01+00:00,8.677468000000001,32.54433,6.96148125,33.804225,6.889617073170732,33.89029512195122
2021-10-01 00:00:01+00:00,8.678566666666667,32.530738888888884,7.0313842105263165,33.762800000000006,6.758867441860465,33.89761162790697
2021-10-02 00:00:01+00:00,7.966340384615386,32.42296730769231,7.010720000000001,33.816085,6.722018918918918,33.908143243243245
2021-10-03 00:00:01+00:00,7.844718181818183,32.4273,6.981091304347826,33.82446956521739,6.683182352941177,33.9137705882353
2021-10-04 00:00:01+00:00,8.083242857142857,32.38381428571428,7.039082608695652,33.79233913043479,6.749145454545455,33.89930606060606
2021-10-05 00:00:01+00:00,8.692434615384615,32.354150000000004,7.122068181818182,33.72041818181818,6.518893548387097,33.935199999999995
2021-10-06 00:00:01+00:00,8.567706000000001,32.36704,7.162986956521738,33.72160869565217,6.410232258064516,33.94542580645161
2021-10-07 00:00:01+00:00,9.05886304347826,32.30536956521739,7.048591666666667,33.7747625,6.376958064516129,33.949961290322584
2021-10-08 00:00:01+00:00,9.214725,32.35481730769231,7.0409125,33.78297083333333,6.443389999999999,33.949173333333334
2021-10-09 00:00:01+00:00,8.949191666666666,32.34254583333333,6.910273913043479,33.88053913043478,6.64588064516129,33.934374193548386
2021-10-10 00:00:01+00:00,9.440215094339623,32.28452641509434,7.089691304347826,33.84245652173913,6.792371875,33.91129375
2021-10-11 00:00:01+00:00,9.06908076923077,32.327798076923074,7.175358333333333,33.804404166666664,6.796411428571429,33.901908571428564
2021-10-12 00:00:01+00:00,10.499024444444444,32.13371333333333,7.144723809523809,33.80840952380952,6.591826315789473,33.936728947368415
2021-10-13 00:00:01+00:00,10.80549607843137,32.101974509803924,7.138061904761904,33.8115,6.700399999999999,33.923625
2021-10-14 00:00:01+00:00,9.905129411764705,32.19400392156863,7.14075,33.82926363636364,6.723364864864865,33.91838378378378
2021-10-15 00:00:01+00:00,10.518034693877551,32.11819387755102,7.137035,33.842470000000006,6.650372222222223,33.92565833333333
2021-10-16 00:00:01+00:00,10.868443137254905,32.09246078431372,7.177552380952381,33.8057619047619,6.74770909090909,33.912215151515156
2021-10-17 00:00:01+00:00,11.160516,32.060822,7.161845454545456,33.80307272727272,6.689484848484848,33.91805454545454
2021-10-18 00:00:01+00:00,10.815357692307693,32.104990384615384,7.200204347826085,33.755282608695644,6.691806060606061,33.91287272727273
2021-10-19 00:00:01+00:00,11.667621276595744,32.05114042553191,7.179273913043478,33.719117391304344,6.593170967741934,33.92942580645162
2021-10-20 00:00:01+00:00,12.13215625,32.10434166666667,7.151590476190476,33.74077142857143,6.492987096774194,33.940374193548394
2021-10-21 00:00:01+00:00,12.031762500000001,32.1174225,7.215595454545453,33.71720454545455,6.863174193548387,33.899032258064516
2021-10-22 00:00:01+00:00,10.914333333333335,31.96702857142857,7.351585,33.629129999999996,6.9777966666666655,33.86633666666667
2021-10-23 00:00:01+00:00,10.7525,32.018455813953494,7.415819047619046,33.4975380952381,6.845057575757576,33.85836666666667
2021-10-24 00:00:01+00:00,10.507378571428571,32.10694642857143,7.261505263157895,33.71401052631579,6.89299696969697,33.89961515151515
2021-10-25 00:00:01+00:00,10.084665384615384,32.20095384615385,7.199293333333333,33.77294666666667,6.793612121212121,33.90080303030303
2021-10-26 00:00:01+00:00,9.1775,32.44858888888889,7.22881,33.720009999999995,6.995641666666667,33.85572777777779
2021-10-27 00:00:01+00:00,10.86966,32.15526,7.305890909090909,33.54929090909091,7.005420512820512,33.84966923076924
2021-10-28 00:00:01+00:00,10.5677,32.0955,7.377566666666667,33.57462666666666,7.183731818181818,33.78923863636365
2021-10-29 00:00:01+00:00,10.132810000000001,32.2633375,7.582318750000001,33.45179374999999,7.053209523809523,33.76614761904763
2021-10-30 00:00:01+00:00,11.500261904761905,32.018976190476195,7.329188888888889,33.58752777777778,6.546639999999999,33.936812499999995
2021-10-31 00:00:01+00:00,11.243282142857142,31.8864,7.244344444444445,33.68420555555556,6.7016,33.93106486486488
2021-11-01 00:00:01+00:00,11.09502619047619,31.990952380952383,7.1591434782608685,33.79487826086957,6.9015,33.899273529411765
2021-11-02 00:00:01+00:00,11.3739425,32.1452425,7.285104545454547,33.727940909090904,7.0244125,33.838159375000004
2021-11-03 00:00:01+00:00,10.662916666666666,32.211960000000005,7.468365,33.561695,7.1584233333333325,33.759033333333335
2021-11-04 00:00:01+00:00,11.182564705882353,32.11268235294117,7.531700000000001,33.481568421052636,7.104451612903226,33.803280645161294
2021-11-05 00:00:01+00:00,11.009749999999999,31.838800000000003,7.501778947368422,33.52853157894737,6.78441724137931,33.87264827586207
2021-11-06 00:00:01+00:00,11.248258333333332,32.044341666666675,7.39566111111111,33.638000000000005,6.769903448275862,33.86268620689655
2021-11-07 00:00:01+00:00,11.294149999999998,32.11045,7.382921052631579,33.67206842105263,6.774532258064515,33.86952580645161
2021-11-08 00:00:01+00:00,10.55176,32.14645,7.47585,33.590966666666674,6.87185,33.84805
2021-11-09 00:00:01+00:00,10.17551111111111,32.133,7.414707142857142,33.61702857142857,6.671906249999999,33.88956875
2021-11-10 00:00:01+00:00,10.1715,32.1305,7.346373333333333,33.64534,7.002538888888888,33.83331388888889
2021-11-11 00:00:01+00:00,10.513635555555554,32.14148888888888,7.4495545454545455,33.54430454545454,6.618630555555556,33.883636111111116
2021-11-12 00:00:01+00:00,9.784418181818182,32.16926363636364,7.219799999999998,33.735484210526316,6.651742857142857,33.89635714285714
2021-11-13 00:00:01+00:00,10.896306666666668,32.02984000000001,7.341673684210527,33.59561578947368,6.864180555555555,33.84083611111111
2021-11-14 00:00:01+00:00,10.011447222222221,32.18951666666667,7.317533333333332,33.62561904761905,6.69396,33.88252571428571
2021-11-15 00:00:01+00:00,9.959948148148149,32.19780740740741,7.300680952380953,33.65690000000001,6.693988571428572,33.86664857142857
2021-11-16 00:00:01+00:00,10.409173529411763,32.039782352941174,7.305923809523811,33.6572619047619,6.398311428571428,33.882842857142855
2021-11-17 00:00:01+00:00,10.844474468085105,31.741178723404257,7.267268181818182,33.64051363636364,5.964490909090909,33.917166666666674
2021-11-18 00:00:01+00:00,10.627757142857142,31.85065714285715,7.017438095238095,33.75647142857143,5.889696875,33.9110125
2021-11-19 00:00:01+00:00,10.656529166666667,31.845958333333332,6.854852380952381,33.78521428571428,6.099699999999999,33.87046363636364
2021-11-20 00:00:01+00:00,10.361617391304351,31.91136739130435,6.918331818181818,33.773472727272726,6.151664705882354,33.86816470588236
2021-11-21 00:00:01+00:00,10.024021739130434,31.86308260869566,6.858990909090909,33.782659090909085,6.182236363636363,33.87499090909091
2021-11-22 00:00:01+00:00,10.043136363636364,32.00885681818182,6.951580952380952,33.81645714285714,6.402645454545454,33.877630303030294
2021-11-23 00:00:01+00:00,9.944172916666666,32.030320833333334,7.095365000000001,33.75978,6.784914285714285,33.85442857142857
2021-11-24 00:00:01+00:00,9.909173913043478,32.07166086956522,7.133245,33.679249999999996,6.656305128205127,33.84625641025641
2021-11-25 00:00:01+00:00,9.522129090909091,32.185083636363636,7.10047619047619,33.70888095238096,6.233507317073171,33.89942439024391
2021-11-26 00:00:01+00:00,9.494055102040816,32.209434693877554,7.137184210526317,33.701405263157895,6.37088409090909,33.89481590909091
2021-11-27 00:00:01+00:00,9.37393962264151,32.20146226415094,7.04071304347826,33.76047826086957,6.5324871794871795,33.883987179487185
2021-11-28 00:00:01+00:00,9.315266037735851,32.20246981132076,7.115866666666666,33.74710416666667,6.358621951219512,33.885758536585364
2021-11-29 00:00:01+00:00,9.407933333333334,32.20750392156862,6.892173913043479,33.76162173913044,6.4968725,33.860857499999995
2021-11-30 00:00:01+00:00,9.370166666666668,32.207750980392156,6.89515,33.72262083333333,6.402992307692307,33.857817948717944
2021-12-01 00:00:01+00:00,9.391032000000001,32.209604000000006,6.864360869565218,33.69961304347826,6.289608571428572,33.841277142857145
2021-12-02 00:00:01+00:00,9.427778723404254,32.15507234042554,6.879369565217391,33.67739565217391,6.0883875,33.82130625
2021-12-03 00:00:01+00:00,9.583645454545454,32.10051590909091,6.909472727272726,33.67659090909092,6.022809677419357,33.81905161290323
2021-12-04 00:00:01+00:00,9.64801956521739,32.12016086956522,7.025959090909091,33.641104545454546,5.934314285714286,33.82414285714286
2021-12-05 00:00:01+00:00,9.371279545454545,32.22485454545454,7.030645454545455,33.652545454545454,5.76508,33.853300000000004
2021-12-06 00:00:01+00:00,9.45469111111111,32.11230666666667,6.935654545454546,33.70701818181818,5.808303333333332,33.85555333333333
2021-12-07 00:00:01+00:00,9.009729268292682,32.30957073170732,6.604118181818181,33.797540909090905,5.888525806451613,33.86302258064515
2021-12-08 00:00:01+00:00,9.08273404255319,32.19192978723404,6.952759090909091,33.75672727272727,6.554966666666667,33.85237575757576
2021-12-09 00:00:01+00:00,9.487500000000002,32.05966808510638,7.081465217391304,33.63988695652174,6.482502941176471,33.83173529411766
2021-12-10 00:00:01+00:00,9.36178947368421,32.0144947368421,7.057264,33.697664,6.205852777777777,33.88763333333334
2021-12-11 00:00:01+00:00,9.298253846153846,32.00243653846154,7.012987999999999,33.727924,5.892624999999999,33.91355
2021-12-12 00:00:01+00:00,9.417273684210526,32.001171929824565,6.815270833333334,33.75122916666667,6.08708717948718,33.9095076923077
2021-12-13 00:00:01+00:00,9.365870000000001,32.03125,6.649204166666666,33.79382916666666,6.0998725,33.90176
2021-12-14 00:00:01+00:00,9.101803636363636,32.239343636363635,6.654016,33.787664,6.350365789473685,33.85778684210527
2021-12-15 00:00:01+00:00,8.938182692307691,32.22776730769231,6.8086,33.7370652173913,6.440192105263158,33.82355000000001
2021-12-16 00:00:01+00:00,8.755902127659576,32.22270425531915,6.88985238095238,33.71601904761905,6.357328571428571,33.84010857142857
2021-12-17 00:00:01+00:00,8.781979999999999,32.21015555555555,7.065271428571428,33.66266666666667,6.5948121212121205,33.81587878787879
2021-12-18 00:00:01+00:00,8.634609756097563,32.21374390243903,7.156505263157894,33.62564736842105,6.5770124999999995,33.827946874999995
2021-12-19 00:00:01+00:00,8.713503125,32.22371875,7.179540000000001,33.619040000000005,6.59663125,33.822128125000006
2021-12-20 00:00:01+00:00,8.460146511627908,32.244079069767444,7.165965,33.63398000000001,6.624858064516128,33.823541935483874
2021-12-21 00:00:01+00:00,8.761109302325579,32.21963720930232,7.216395,33.645030000000006,6.622334375,33.83528125
2021-12-22 00:00:01+00:00,9.220474285714287,31.908017142857137,7.296924999999999,33.632374999999996,6.750084848484849,33.83302424242424
2021-12-23 00:00:01+00:00,9.602040625,31.802359375,7.363068421052632,33.61041578947368,6.842623529411765,33.82243235294118
2021-12-24 00:00:01+00:00,9.354838235294116,32.263152941176465,7.35535,33.673094444444445,6.750252777777778,33.8488
2021-12-25 00:00:01+00:00,9.0773375,32.03843333333333,7.268104347826089,33.750639130434784,6.7635736842105265,33.85098157894737
2021-12-26 00:00:01+00:00,8.85374,31.873067272727273,7.314766666666666,33.71677083333333,6.720397297297298,33.871402702702696
2021-12-27 00:00:01+00:00,8.708976363636365,31.39022909090909,7.28078,33.718883999999996,6.535504999999999,33.888040000000004
2021-12-28 00:00:01+00:00,9.123712962962964,31.94795740740741,7.120278260869564,33.79758260869565,6.426623076923077,33.898502564102564
2021-12-29 00:00:01+00:00,8.605964814814813,31.969892592592597,7.145543478260868,33.77141304347826,6.756678947368421,33.867399999999996
2021-12-30 00:00:01+00:00,8.307707843137255,31.693435294117645,7.340640909090909,33.737899999999996,6.628194594594595,33.87992432432432
2021-12-31 00:00:01+00:00,8.26344117647059,31.912966666666662,7.281023809523809,33.75602380952381,6.657547058823529,33.879264705882356
2022-01-01 00:00:01+00:00,7.906834782608696,31.79289782608696,7.304268181818181,33.73645454545454,6.5068133333333344,33.89167666666667
2022-01-02 00:00:01+00:00,7.874040909090909,31.990929545454538,7.276010000000001,33.71789,6.361412903225807,33.89975483870968
2022-01-03 00:00:01+00:00,7.956613333333333,31.994897777777776,7.419423809523811,33.72699047619048,6.667665517241381,33.87542068965517
2022-01-04 00:00:01+00:00,8.032843181818182,31.954059090909087,7.547219047619047,33.68841428571429,6.786565517241379,33.8659275862069
2022-01-05 00:00:01+00:00,8.063451020408163,31.912553061224493,7.533808695652173,33.642795652173916,6.906936666666667,33.854236666666665
2022-01-06 00:00:01+00:00,8.251889583333334,31.865968749999997,7.461418181818183,33.665918181818185,6.8800187500000005,33.852171874999996
2022-01-07 00:00:01+00:00,8.247893750000001,31.805954166666666,7.463672727272728,33.62166818181819,6.946975,33.83475625
2022-01-08 00:00:01+00:00,8.222852830188678,31.945060377358484,7.544947826086957,33.63108695652174,6.979665714285715,33.81792571428571
2022-01-09 00:00:01+00:00,8.042955769230769,31.94121923076923,7.591879166666668,33.590987500000004,6.880747058823529,33.83345588235294
2022-01-10 00:00:01+00:00,8.2110275,32.0908225,7.630757142857142,33.62927619047619,7.202892105263158,33.78501315789473
2022-01-11 00:00:01+00:00,7.807021212121213,31.94217878787879,7.7675809523809525,33.48442857142857,7.200305263157895,33.774336842105264
2022-01-12 00:00:01+00:00,8.313715217391303,32.003602173913045,7.6914571428571445,33.55495714285714,6.9707921052631585,33.85092631578946
2022-01-13 00:00:01+00:00,8.734993181818183,32.10437272727273,7.6809055555555545,33.598222222222226,6.845565789473683,33.886697368421046
2022-01-14 00:00:01+00:00,8.397985294117646,32.00420882352941,7.707587500000001,33.617493749999994,7.195002631578949,33.84362368421053
2022-01-15 00:00:01+00:00,8.123703846153846,32.08496923076923,7.764633333333335,33.589099999999995,7.232483333333333,33.86271388888889
2022-01-16 00:00:01+00:00,8.065213333333332,32.10032666666667,7.705806666666665,33.620713333333335,7.2141,33.83489411764705
2022-01-17 00:00:01+00:00,8.112109677419356,32.09041612903226,7.68865294117647,33.60115882352941,7.039146875,33.860143750000006
2022-01-18 00:00:01+00:00,8.478562499999999,32.227621875000004,7.646210000000001,33.630825,7.06898064516129,33.86564193548387
2022-01-19 00:00:01+00:00,8.429735555555556,32.19162222222222,7.596845454545456,33.66686363636363,6.863975,33.88521875
2022-01-20 00:00:01+00:00,8.012724444444444,32.071355555555556,7.503361904761905,33.74227619047619,6.704742424242424,33.909866666666666
2022-01-21 00:00:01+00:00,8.069568181818182,32.163011363636365,7.552404545454545,33.75050454545455,7.095236363636364,33.876775757575764
2022-01-22 00:00:01+00:00,8.325902222222224,32.24623333333333,7.60311304347826,33.70667391304347,7.0228705882352935,33.865511764705886
2022-01-23 00:00:01+00:00,8.602143478260869,31.90753695652173,7.578943478260869,33.68607391304347,6.609631428571428,33.91971428571428
2022-01-24 00:00:01+00:00,8.756837500000001,31.621343750000005,7.474228,33.741564000000004,6.516005714285714,33.93031714285715
2022-01-25 00:00:01+00:00,8.477959615384615,31.64715192307693,7.307192307692308,33.828819230769234,6.400023076923078,33.934079487179474
2022-01-26 00:00:01+00:00,8.163611764705882,32.239705882352936,7.2982,33.87532608695652,6.646664864864865,33.92284054054055
2022-01-27 00:00:01+00:00,7.790508771929825,32.22884912280702,7.527417391304346,33.82327391304348,6.912024324324324,33.90953513513514
2022-01-28 00:00:01+00:00,7.7341911111111115,32.21279555555555,7.640914285714285,33.78026666666666,6.861189189189189,33.90774054054054
2022-01-29 00:00:01+00:00,7.643186666666668,32.18374000000001,7.632459999999999,33.75305500000001,6.716477142857142,33.92046571428572
2022-01-30 00:00:01+00:00,7.67340465116279,32.142195348837205,7.429145,33.77258,6.913403225806451,33.8965870967742
2022-01-31 00:00:01+00:00,7.87106590909091,32.16259318181818,7.333433333333331,33.72995714285714,6.892545161290322,33.87844516129032
2022-02-01 00:00:01+00:00,7.774400000000001,32.115770212765966,7.471777272727272,33.716609090909095,6.710815625,33.894978124999994
2022-02-02 00:00:01+00:00,7.591806,32.219696000000006,7.509427999999999,33.763988,6.533554838709678,33.896464516129036
2022-02-03 00:00:01+00:00,7.5601319999999985,32.125552,7.51614,33.746644,6.492503125000001,33.8832875
2022-02-04 00:00:01+00:00,7.70950980392157,32.10110196078431,7.55778,33.726312,6.647206060606061,33.872978787878786
2022-02-05 00:00:01+00:00,7.831658823529413,32.01773529411765,7.535704000000001,33.733456000000004,6.711541176470588,33.869482352941176
2022-02-06 00:00:01+00:00,8.061809433962262,32.057015094339626,7.532391666666666,33.730462499999994,6.884336111111112,33.8636611111111
2022-02-07 00:00:01+00:00,7.668873684210526,32.0973350877193,7.502864,33.729524,6.820986111111111,33.87158611111111
2022-02-08 00:00:01+00:00,7.659349999999999,32.109575,7.4538625,33.7414125,6.254007692307691,33.90350256410256
2022-02-09 00:00:01+00:00,7.665941818181818,32.08853818181818,7.328534782608696,33.77806956521739,6.129438461538461,33.91136153846154
2022-02-10 00:00:01+00:00,7.619605769230769,32.078065384615385,7.279768181818182,33.802299999999995,6.1039025641025635,33.90806666666667
2022-02-11 00:00:01+00:00,7.650094230769232,32.107825,7.250226315789473,33.8177,6.388679487179488,33.89555128205128
2022-02-12 00:00:01+00:00,7.855741999999999,32.06584,7.235222222222223,33.81691111111111,6.381843589743589,33.89510256410256
2022-02-13 00:00:01+00:00,7.828719607843138,32.007264705882356,7.1900949999999995,33.828500000000005,6.243134210526316,33.899768421052634
2022-02-14 00:00:01+00:00,7.652392156862745,32.039796078431365,7.103386363636364,33.84710909090909,6.083345714285715,33.905620000000006
2022-02-15 00:00:01+00:00,7.565561538461537,32.136659615384616,7.051263636363638,33.85327727272726,6.159603125,33.904678125
2022-02-16 00:00:01+00:00,7.8053686274509815,32.05615294117647,7.0337826086956525,33.85342173913043,6.251711764705882,33.902394117647056
2022-02-17 00:00:01+00:00,7.820164814814815,32.04309259259259,7.034254166666666,33.84246666666667,6.083787878787879,33.91894848484849
2022-02-18 00:00:01+00:00,7.79173396226415,32.07375094339623,7.054483333333333,33.83137083333333,6.0018843749999995,33.925859375
2022-02-19 00:00:01+00:00,7.737117307692307,32.07837115384615,6.948796,33.856932,5.994587878787879,33.927963636363636
2022-02-20 00:00:01+00:00,7.740394545454547,32.151287272727274,6.961026923076925,33.85381538461539,6.120448571428573,33.922171428571424
2022-02-21 00:00:01+00:00,7.791584745762712,32.27372881355933,6.978488461538461,33.83615,6.1809,33.91815714285715
2022-02-22 00:00:01+00:00,7.7607451612903215,32.33538064516129,7.132342307692308,33.83954230769231,6.087205555555555,33.920072222222224
2022-02-23 00:00:01+00:00,7.70396393442623,32.20914098360656,7.057362962962964,33.844085185185186,5.5067076923076925,33.96270512820513
2022-02-24 00:00:01+00:00,7.737405263157894,32.05894385964912,7.0203434782608705,33.853434782608694,5.530663157894738,33.95523947368421
2022-02-25 00:00:01+00:00,7.777680000000002,31.963276666666662,6.943795454545454,33.85936363636363,5.769423684210526,33.93683947368421
2022-02-26 00:00:01+00:00,7.571201851851854,31.86331481481481,6.859904761904762,33.868971428571435,6.032657894736842,33.92918157894737
2022-02-27 00:00:01+00:00,7.457217391304349,31.94489782608696,6.855284210526315,33.829805263157894,6.464942424242424,33.88813636363636
2022-02-28 00:00:01+00:00,7.450978571428571,32.087076190476196,7.121790476190476,33.732057142857144,6.573667741935484,33.87102258064517
2022-03-01 00:00:01+00:00,7.554148717948719,31.85373076923077,7.182254545454546,33.7186,6.45051935483871,33.88457419354838
2022-03-02 00:00:01+00:00,7.540488095238096,31.766590476190476,7.025759090909092,33.7587409090909,6.3809033333333325,33.896319999999996
2022-03-03 00:00:01+00:00,7.624155555555556,31.9992,6.96604090909091,33.804899999999996,6.481880645161289,33.89010967741935
2022-03-04 00:00:01+00:00,7.601299999999999,31.991455000000002,7.01594,33.791396,6.432793548387095,33.89326129032258
2022-03-05 00:00:01+00:00,7.704064,32.036438,7.1014,33.762984,6.442646875,33.895362500000005
2022-03-06 00:00:01+00:00,7.723046153846154,31.919313461538458,7.152032,33.7461,6.271606060606061,33.921106060606064
2022-03-07 00:00:01+00:00,7.674094827586206,31.834599999999995,6.990519230769231,33.79254230769231,5.947947222222222,33.95171111111111
2022-03-08 00:00:01+00:00,7.6423844827586205,31.821165517241383,6.9622115384615375,33.809369230769235,5.915383783783784,33.955391891891885
2022-03-09 00:00:01+00:00,7.63759298245614,31.825887719298247,7.031528000000001,33.794232,5.968961538461538,33.95224102564103
2022-03-10 00:00:01+00:00,7.672547540983605,31.80827213114754,6.782054545454545,33.846286363636366,5.9804325,33.951612499999996
2022-03-11 00:00:01+00:00,7.636528125000001,31.80590625,6.622468421052632,33.88291052631579,6.105314634146342,33.96016829268292
2022-03-12 00:00:01+00:00,7.600113207547169,31.939956603773584,6.55495,33.868843749999996,6.319628571428573,33.94000714285714
2022-03-13 00:00:01+00:00,7.584753191489362,31.95484893617021,6.658117647058823,33.83578235294117,6.479740000000001,33.915045000000006
2022-03-14 00:00:01+00:00,7.635944230769231,32.02924230769231,6.745143478260871,33.84444347826087,6.579884615384615,33.895120512820505
2022-03-15 00:00:01+00:00,7.633846296296298,31.90922777777778,6.9909681818181815,33.83575454545454,6.6749583333333335,33.869730555555556
2022-03-16 00:00:01+00:00,7.550608333333334,32.190329166666665,7.1748318181818185,33.806381818181826,6.6477,33.87830625
2022-03-17 00:00:01+00:00,7.677942857142859,32.14797346938776,7.248608695652175,33.76352173913044,6.547221875,33.90726875
2022-03-18 00:00:01+00:00,7.715866666666668,32.127766666666666,7.214575000000001,33.7613625,6.6704,33.89381935483871
2022-03-19 00:00:01+00:00,7.68406,32.157183636363634,7.184743999999999,33.73806,6.41101875,33.920778125
2022-03-20 00:00:01+00:00,7.841682142857143,32.41497857142857,7.184724,33.706428,6.400309375,33.921215625
2022-03-21 00:00:01+00:00,8.000157446808512,32.495782978723405,6.951708,33.791135999999995,6.3722562499999995,33.92834375
2022-03-22 00:00:01+00:00,7.892403773584905,32.21367924528302,6.987733333333334,33.84373333333333,6.4713617647058825,33.917564705882356
2022-03-23 00:00:01+00:00,7.906909302325582,32.42713953488373,7.079541666666667,33.8577,6.6473941176470595,33.89973529411765
2022-03-24 00:00:01+00:00,7.82729298245614,32.210682456140354,7.076348,33.798843999999995,6.719769444444444,33.88384166666667
2022-03-25 00:00:01+00:00,7.9241018518518525,32.26729074074074,7.144409523809522,33.784623809523815,6.495263157894737,33.906644736842104
2022-03-26 00:00:01+00:00,7.904503921568628,32.27374705882353,7.114826315789474,33.79116842105264,6.12214358974359,33.94474358974359
2022-03-27 00:00:01+00:00,7.629019607843137,32.13865882352942,7.076795238095239,33.798861904761914,6.10725,33.94836
2022-03-28 00:00:01+00:00,7.928050000000001,32.366136000000004,6.967663636363638,33.81530454545455,6.287135294117648,33.945776470588235
2022-03-29 00:00:01+00:00,7.962576470588235,32.174484313725486,6.978252173913043,33.829360869565214,6.33730625,33.947071875
2022-03-30 00:00:01+00:00,7.950886538461537,32.210388461538464,6.9274391304347835,33.85306086956521,6.270770967741934,33.95232258064516
2022-03-31 00:00:01+00:00,7.906926530612246,32.19323469387755,6.934162499999999,33.8527875,6.218934375,33.954228125
2022-04-01 00:00:01+00:00,7.822978431372549,32.12823725490196,6.953048,33.849336,6.1724625,33.956003124999995
2022-04-02 00:00:01+00:00,7.871857999999999,32.337856,6.943932000000001,33.85306,6.153793548387097,33.95728387096774
2022-04-03 00:00:01+00:00,7.937243396226415,32.21934528301887,6.928431999999999,33.858392,6.203757575757576,33.95657878787879
2022-04-04 00:00:01+00:00,7.944065454545455,32.2826290909091,6.916211999999999,33.879616,6.108982857142857,33.96110857142857
2022-04-05 00:00:01+00:00,7.937861016949151,32.21654745762712,6.864208000000001,33.893820000000005,6.128456756756758,33.95901081081081
2022-04-06 00:00:01+00:00,8.00814074074074,32.23904259259258,6.788864,33.878776,6.253356756756757,33.95048108108108
2022-04-07 00:00:01+00:00,7.86030350877193,32.07701929824562,6.703933333333334,33.900958333333335,6.009171794871794,33.967487179487186
2022-04-08 00:00:01+00:00,7.805667241379309,32.10378793103448,6.800804761904762,33.87859047619048,6.0103,33.967352500000004
2022-04-09 00:00:01+00:00,7.813703389830509,32.18335254237289,6.77660625,33.880737499999995,6.162453488372093,33.95608372093023
2022-04-10 00:00:01+00:00,7.833858461538461,32.123618461538456,6.808179999999999,33.8689,6.1592416666666665,33.95609166666667
2022-04-11 00:00:01+00:00,7.946650847457627,32.09780508474576,6.7985523809523825,33.87712857142857,6.081271111111112,33.961326666666665
2022-04-12 00:00:01+00:00,7.895257377049179,32.089719672131146,6.747695833333334,33.88751666666667,6.0653825,33.961335
2022-04-13 00:00:01+00:00,7.96451403508772,31.932121052631576,6.757145833333333,33.8936625,6.012725,33.96499444444444
2022-04-14 00:00:01+00:00,7.949235185185186,31.973879629629625,6.710320833333334,33.89779583333333,5.900099999999999,33.97378181818182
2022-04-15 00:00:01+00:00,7.966864150943396,31.899218867924525,6.675284,33.898768,5.8571757575757575,33.97603636363637
2022-04-16 00:00:01+00:00,7.952367307692308,31.82695384615385,6.660187499999999,33.89755,5.941154838709679,33.97049032258064
2022-04-17 00:00:01+00:00,7.964358823529411,31.821280392156865,6.606056,33.900452,6.007703124999999,33.966187500000004
2022-04-18 00:00:01+00:00,7.8864568627450975,31.762566666666665,6.581844,33.906487999999996,6.067474193548387,33.962706451612895
2022-04-19 00:00:01+00:00,7.885163829787233,31.909353191489362,6.6536217391304335,33.900560869565226,6.21709375,33.957215624999996
2022-04-20 00:00:01+00:00,7.850035185185185,32.13273148148148,6.907947999999999,33.865044000000005,6.586082352941176,33.924070588235296
2022-04-21 00:00:01+00:00,7.93171403508772,32.23423859649123,6.8611958333333325,33.85149583333333,6.5028235294117644,33.92350588235295
2022-04-22 00:00:01+00:00,8.0229,32.193988636363635,6.72040909090909,33.844727272727276,6.448264705882353,33.916602941176464
2022-04-23 00:00:01+00:00,8.148883333333332,32.195177083333334,6.935174999999999,33.82936,6.359218421052632,33.90997894736842
2022-04-24 00:00:01+00:00,8.09375625,32.36513333333334,6.736342105263157,33.86231578947368,6.3599263157894725,33.91279473684211
2022-04-25 00:00:01+00:00,8.138245833333334,32.31288541666667,6.9012666666666656,33.876128571428566,6.492645714285714,33.90513714285714
2022-04-26 00:00:01+00:00,8.048087272727273,32.38856545454546,7.01634347826087,33.872156521739136,6.2753323529411755,33.91610588235294
2022-04-27 00:00:01+00:00,7.958967924528301,32.492137735849056,7.0111,33.85542916666667,6.10479393939394,33.9153393939394
2022-04-28 00:00:01+00:00,7.9334555555555575,32.58122037037037,6.977220833333334,33.86535833333333,6.040178125000001,33.924609374999996
2022-04-29 00:00:01+00:00,8.175553703703702,32.26375370370369,7.077839130434783,33.86841739130434,6.127460606060605,33.94109393939394
2022-04-30 00:00:01+00:00,8.100386,32.201828,7.217516666666666,33.8761375,6.280984374999999,33.949984375
2022-05-01 00:00:01+00:00,8.060982352941176,32.18945098039216,7.190495833333333,33.84075833333333,6.3994625,33.946678125000005
2022-05-02 00:00:01+00:00,7.99392641509434,32.18085849056604,7.189095833333333,33.826662500000005,6.44438125,33.936209375000004
2022-05-03 00:00:01+00:00,7.983731372549021,32.169635294117654,7.1633375,33.82508333333333,6.456611764705881,33.933773529411766
2022-05-04 00:00:01+00:00,8.135347272727271,32.13651636363636,7.2137720000000005,33.826404,6.440031428571429,33.93471428571429
2022-05-05 00:00:01+00:00,8.009745098039216,32.17677450980392,7.141666666666666,33.835187499999996,6.384378378378377,33.93781081081081
2022-05-06 00:00:01+00:00,8.064735,32.231135,7.129300000000001,33.834213636363636,6.484120512820512,33.929802564102566
2022-05-07 00:00:01+00:00,8.138756363636363,32.192519999999995,7.0417545454545465,33.82577272727273,6.4754425,33.93005
2022-05-08 00:00:01+00:00,8.154139655172415,32.20881724137931,7.016623809523811,33.82072857142857,6.381590909090908,33.93535
2022-05-09 00:00:01+00:00,8.076893846153846,32.20796461538461,6.94417142857143,33.80604761904762,6.3401395833333325,33.93798125
2022-05-10 00:00:01+00:00,8.086496721311477,32.20367049180328,7.0241875,33.813808333333334,6.31030625,33.93695208333333
2022-05-11 00:00:01+00:00,8.107431034482758,32.18292068965517,7.121632000000001,33.836183999999996,6.19137380952381,33.939840476190476
2022-05-12 00:00:01+00:00,8.154670689655172,32.207006896551725,7.1846119999999996,33.875803999999995,6.3001555555555555,33.92929722222223
2022-05-13 00:00:01+00:00,8.174365454545455,32.22700545454546,7.296016000000001,33.8825,6.4552852941176475,33.92231470588234
2022-05-14 00:00:01+00:00,8.237896226415094,32.207326415094336,7.115970833333333,33.81857083333333,6.41154375,33.93176875
2022-05-15 00:00:01+00:00,8.22826274509804,32.184905882352936,7.065217391304348,33.81205217391304,6.405041935483871,33.940293548387096
2022-05-16 00:00:01+00:00,8.232834693877551,32.18041632653061,7.2038416666666665,33.8423625,6.499766666666668,33.94869666666667
2022-05-17 00:00:01+00:00,8.106644,32.272814,7.250425,33.85465,6.560016666666666,33.94406333333333
2022-05-18 00:00:01+00:00,8.386245098039216,32.20385098039216,7.113008695652174,33.85131739130434,6.48838064516129,33.950383870967734
2022-05-19 00:00:01+00:00,8.587166666666667,32.1688375,7.269027272727274,33.88413636363637,6.4694666666666665,33.94361212121213
2022-05-20 00:00:01+00:00,8.6674,32.148516,7.181747826086956,33.8746347826087,6.42099705882353,33.947394117647065
2022-05-21 00:00:01+00:00,8.665384210526314,32.12334385964912,6.8641125,33.840783333333334,6.249282352941176,33.959264705882354
2022-05-22 00:00:01+00:00,8.469030188679245,32.14552075471698,6.801341666666667,33.86082916666667,6.069872222222222,33.98369444444444
2022-05-23 00:00:01+00:00,8.59204909090909,32.131921818181816,6.814086956521739,33.84842173913044,6.013740540540541,33.98545675675676
2022-05-24 00:00:01+00:00,8.485101724137932,32.222950000000004,6.937104166666667,33.8331375,6.098425641025641,33.97140256410257
2022-05-25 00:00:01+00:00,8.673138888888888,32.10901666666667,7.019907999999999,33.844448,6.032152631578947,33.97455526315789
2022-05-26 00:00:01+00:00,8.639931578947369,32.08859298245614,7.045416,33.841892,5.946169444444444,33.97783888888889
2022-05-27 00:00:01+00:00,8.776848214285714,32.035199999999996,7.0100739130434775,33.835286956521735,5.851567647058823,33.983717647058825
2022-05-28 00:00:01+00:00,8.793637735849057,32.08596037735849,6.927795652173914,33.86616956521739,5.755439393939394,33.97180606060606
2022-05-29 00:00:01+00:00,8.861675925925928,32.08158148148148,6.860847826086956,33.858008695652174,5.708139393939393,33.945
2022-05-30 00:00:01+00:00,8.75069423076923,32.101496153846156,6.822729166666666,33.861875,5.814921212121212,33.944066666666664
2022-05-31 00:00:01+00:00,8.634401851851853,32.138290740740736,6.735945833333335,33.86884166666667,5.797628125,33.948325
2022-06-01 00:00:01+00:00,8.704877358490567,32.15916415094339,6.7195125,33.874858333333336,5.726345454545455,33.95747878787879
2022-06-02 00:00:01+00:00,8.636232142857143,32.22281785714286,6.691778260869565,33.879460869565214,5.8491294117647055,33.95110882352941
2022-06-03 00:00:01+00:00,8.603060714285714,32.24838035714286,6.819404545454545,33.884122727272725,5.944758333333334,33.941969444444446
2022-06-04 00:00:01+00:00,8.543851923076923,32.28301923076923,6.818971428571429,33.87209047619048,6.0254111111111115,33.93502500000001
2022-06-05 00:00:01+00:00,8.538356363636362,32.309056363636365,6.817990909090908,33.87331363636363,5.98663076923077,33.937874358974355
2022-06-06 00:00:01+00:00,8.444837931034483,32.34057931034482,6.903080952380952,33.87719047619047,5.863138461538462,33.943297435897435
2022-06-07 00:00:01+00:00,8.557801851851853,32.2311037037037,6.923604166666666,33.86408333333333,5.908318181818182,33.93475
2022-06-08 00:00:01+00:00,8.458235593220339,32.30509152542373,6.788284,33.870908,6.053704761904762,33.92178095238095
2022-06-09 00:00:01+00:00,8.667651612903226,32.28251612903225,6.674424000000001,33.867452,6.116143902439025,33.91707073170731
2022-06-10 00:00:01+00:00,9.07906842105263,32.303429824561405,6.706712,33.875476,6.152089743589745,33.9188564102564
2022-06-11 00:00:01+00:00,9.43246346153846,32.2232673076923,6.792270833333333,33.85805416666667,6.254205714285714,33.90421142857142
2022-06-12 00:00:01+00:00,9.56496274509804,32.2047137254902,6.879899999999999,33.83518695652174,6.05944375,33.92481875
2022-06-13 00:00:01+00:00,9.425008510638296,32.17574893617021,6.93560909090909,33.83612727272728,6.059664516129031,33.924503225806454
2022-06-14 00:00:01+00:00,9.669325,32.1201,6.874269565217392,33.84460434782608,6.097006666666668,33.92607333333333
2022-06-15 00:00:01+00:00,9.435561538461538,32.13598461538462,6.866204347826085,33.84998260869565,5.9573034482758604,33.94674137931035
2022-06-16 00:00:01+00:00,9.192654901960786,32.19343137254902,6.8267,33.85840434782608,5.858065625,33.956475
2022-06-17 00:00:01+00:00,8.699632653061226,32.390351020408154,6.728139130434783,33.857526086956526,5.866575,33.96090625000001
2022-06-18 00:00:01+00:00,8.743411538461537,32.382524999999994,6.7120695652173925,33.85224347826087,5.976075,33.951240625
2022-06-19 00:00:01+00:00,8.922456363636364,32.30645090909091,6.713704166666666,33.83858333333333,6.024303030303031,33.94837272727273
2022-06-20 00:00:01+00:00,8.923820000000001,32.28497454545455,6.565856,33.875620000000005,6.046535294117647,33.95119705882353
2022-06-21 00:00:01+00:00,8.862780357142857,32.329055357142856,6.457799999999999,33.89718,6.104216666666667,33.95133333333333
2022-06-22 00:00:01+00:00,9.08488474576271,32.24053050847458,6.4165,33.89468333333333,6.154061538461538,33.94941025641025
2022-06-23 00:00:01+00:00,8.929083050847456,32.26888305084746,6.403064,33.90056,6.169848717948717,33.95134358974359
2022-06-24 00:00:01+00:00,9.265375438596491,32.171366666666664,6.421569565217391,33.88830869565218,6.186265789473685,33.94136842105263
2022-06-25 00:00:01+00:00,9.241140384615385,32.118667307692306,6.442839130434782,33.88014347826087,6.0754472222222216,33.951299999999996
2022-06-26 00:00:01+00:00,9.420716,32.03412,6.497695238095237,33.883399999999995,5.909171428571429,33.974022857142856
2022-06-27 00:00:01+00:00,9.576527450980393,31.975682352941178,6.446613636363637,33.87996818181818,5.873193939393941,33.977309090909095
2022-06-28 00:00:01+00:00,9.398760000000001,31.895272,6.451647826086957,33.87256086956522,5.782981250000001,33.985878125
2022-06-29 00:00:01+00:00,9.018614285714285,31.84698571428571,6.377880952380953,33.896095238095235,5.84083870967742,33.98448387096774
2022-06-30 00:00:01+00:00,9.039596078431373,31.83412156862745,6.469595238095239,33.93074761904762,6.104140625,33.964
2022-07-01 00:00:01+00:00,9.157513725490196,32.05187058823529,6.572131818181817,33.92022272727272,6.3014294117647065,33.93899705882353
2022-07-02 00:00:01+00:00,9.357230357142857,32.070592857142856,6.695822727272728,33.90145,6.385379411764707,33.92821470588235
2022-07-03 00:00:01+00:00,8.899017647058823,32.24119803921569,6.686304347826086,33.896856521739124,6.290605882352942,33.937664705882355
2022-07-04 00:00:01+00:00,8.714067272727272,32.298114545454546,6.683891304347825,33.913526086956516,6.103288571428572,33.95832285714285
2022-07-05 00:00:01+00:00,8.638862068965517,32.348860344827585,6.642782608695652,33.920078260869566,6.010005405405406,33.9701108108108
2022-07-06 00:00:01+00:00,8.303326315789473,32.3933350877193,6.63972,33.91864,6.10452894736842,33.95976315789473
2022-07-07 00:00:01+00:00,8.34236724137931,32.460005172413794,6.72784,33.908988,6.026597499999999,33.96975
2022-07-08 00:00:01+00:00,8.356245614035087,32.456192982456145,6.662407999999999,33.896368,6.175582051282051,33.95945641025641
2022-07-09 00:00:01+00:00,8.621425454545458,32.34461636363636,6.677491304347826,33.91427826086956,6.407284210526316,33.9354052631579
2022-07-10 00:00:01+00:00,8.467694339622641,32.338018867924525,6.759761904761904,33.89127142857143,6.501268571428572,33.92256
2022-07-11 00:00:01+00:00,8.425194230769229,32.3224,6.803945454545455,33.87768181818181,6.460329032258064,33.92033225806452
2022-07-12 00:00:01+00:00,8.315408163265307,32.331030612244895,6.845118181818183,33.870231818181814,6.367999999999999,33.93120666666667
2022-07-13 00:00:01+00:00,8.03047755102041,32.3502,6.826254545454546,33.86013181818182,6.298417241379313,33.937462068965516
2022-07-14 00:00:01+00:00,8.173717647058824,32.352384313725494,6.807952173913043,33.85191304347827,6.222603333333335,33.94560666666668
2022-07-15 00:00:01+00:00,8.078337254901962,32.383976470588244,6.804295833333332,33.846291666666666,6.009774193548387,33.969925806451606
2022-07-16 00:00:01+00:00,8.281683333333334,32.38462222222223,6.795179166666666,33.85347083333333,5.9897322580645165,33.969890322580646
2022-07-17 00:00:01+00:00,,,,,,
