station,latitude,longitude,water_depth,years_active
2,70.59,-133,3.5,1987
3,69.59,-133,5,1987
4,70.08333333,-133.5331667,32,1987
5,70.08333333,-133.2163333,26.3,1987
7,70.061,-133.5953333,32,1987
90-00C-001,43.86138333,-78.71361117,11,1990
90-00C-002,43.8375,-78.71055,27.6,1990
90-00C-003,43.8375,-78.71055,44.3,1990
90-00C-004,43.80166667,-78.704,60.6,1990
90-00C-005,43.78388333,-78.70166667,73.5,1990
90-00C-006,43.73683333,-78.69028333,87.5,1990
A,48.68883333,-123.4908333,88,1978
A001,48.98,-125.0766667,-1,1970
A002,48.95166667,-125.0383333,-1,1970
A003,48.85833333,-125.1466667,-1,1970
A004,49.23333333,-124.8133333,-1,1970|1971
A005,49.22833333,-124.8233333,-1,1970
A01,72.62,-143.5683333,3300,1990|1991|1992|1993
A011,49.185,-124.8183333,-1,1971
A021,49.10666667,-124.8233333,-1,1971
A022,49.10666667,-124.8216667,-1,1971
A023,49.10833333,-124.82,-1,1971
A024,49.105,-124.82,-1,1971
A025,49.10666667,-124.8183333,-1,1971
A031,49.03,-124.86,-1,1971
A032,49.03,-124.8533333,-1,1971
A041,48.95166667,-124.99,-1,1971
A042,48.94833333,-124.9866667,-1,1971
A051,48.94666667,-125.0633333,-1,1971
A052,48.95666667,-125.0633333,-1,1971
A061,48.89333333,-125.08,-1,1971
A062,48.89,-125.0783333,-1,1971
A071,48.98166667,-124.97,-1,1971
A072,48.98166667,-124.9566667,-1,1971
A073,48.99166667,-124.8933333,-1,1971
A074,49.025,-124.855,-1,1971
A1,48.53821667,-126.1955567,507,1976|1985|1986|1987|1988|1989|1990|1991|1992|1993|1994|1995|1996|1997|1998|1999|2000|2001|2002|2003|2004|2005|2006|2007|2008|2009|2010|2011|2012|2013|2014|2015|2016|2017|2018|2019|2020|2021
A2,47.96666667,-129.0883333,2221,1976|1985|1986|1987|1997|1998|1999
A3,47.94,-129.1033333,2258,1976|1985|1986
A4,75.50333333,-103.0166667,242,1976
A5,75.525,-102.82,56,1976
AB01,48.85166667,-125.5816667,44,1988
AG0050,70.755,-131.075,49,1986|1987
AG0200,71.29666667,-131.4856667,181,1986|1987
AL01,48.37166667,-123.4566667,-1,1975
AM1-91,70.54883333,-140.0271667,713,1991|1992
AM2-91,71.36866667,-141.7056667,2715,1991|1992
ANITA,70.76666667,-127.3433333,196,1987|1988
ARNAK,69.80166667,-133.8316667,7.6,1985
AS01,49.00666667,-123.42,312,1989|1990
AS02,48.86333333,-123.2083333,215,1989|1990
AS03,48.75083333,-123.1233333,150,1989|1990
AS04,48.30966667,-123.3033333,90,1989|1990
AT1,70.57665,-127.6603,-1,2017|2018|2019|2020
AT2,70.681083,-126.871333,-1,2017|2018|2019|2020
AT3,70.200917,-123.157833,-1,2018|2019|2020
Adlartok,69.632,-137.783,65,1985
Aiverk,70.418,-133.75,60,1984
Alerk,69.91716667,-132.7,12,1981
Alison,51.16835,-127.1004,154,2002|2003
Alison Sd,51.16836667,-127.1009333,154,2003
Alison Sou,51.16836667,-127.1009333,154,2003
Amauligak O-86,70.097,-133.9241667,-1,1988
Amerk,69.95133333,-133.5088333,23,1984
Arluk,70.35,-135.442,59,1983|1984
Arnak,69.80166667,-133.8333333,8,1985|1986
B,48.67166667,-123.501,144,1978
B003,69.92166667,-139.3883333,53,1975|1976
B004,69.69833333,-137.1533333,43,1974
B005,70.40166667,-136.7616667,67,1975
B008,71.215,-131.3316667,77,1975
B009,70.72833333,-131.245,45,1975
B010,71.31,-128.9083333,56,1975
B011,71.04166667,-128.525,28,1974|1975
B013,70.13166667,-134.3316667,33,1975
B015,70.28833333,-133.5883333,54,1975
B03,49.63333333,-128.6933333,2342,1979|1980
B1,48.75,-125.5683333,145,1976|1985|1986|1987|1988|1989|1990
B2,75.50333333,-105.145,87,1976
B4,75.44833333,-104.9566667,150,1976
B5,75.425,-104.63,46,1976
B515,69.25833333,-138.475,-1,1975
BC WASP,48.41463333,-125.9472833,239,1998
BC-WASP,48.415,-125.9468333,240,1997
BC01,48.39893333,-125.9119333,402,1997|1998
BC02,48.3715,-125.9758333,550,1997|1998
BC03,48.35133333,-125.9356667,542,1997|1998|1999
BG1,48.88216667,-125.2413333,99999,1988
BLACK,70.546,-127.8216667,19.26,1987
BLUE,70.546,-127.8216667,17.91,1987
BNP,50.85333333,-127.6466667,-1,1983
BP1,50.059345,-127.8912433,106,1990|1991|1992|1993|1994|1995|1996|1997|1998|1999|2000|2001|2011|2012|2013|2016|2017|2018|2019
BP2,50.04511667,-127.9242167,398,2010|2011|2012|2013
BS42,74.57,-94.02,129,1984|1985
BS46,74.20833333,-93.78,162,1984
BSS2,48.87333333,-125.2533333,99999,1988|1989
BU01,49.32333333,-123.2766667,-1,1975
BVN01,48.65,-123.4,-1,1997
C,48.67166667,-123.501,178,1978
C01,52.87833333,-129.8966667,190,1977
C02,52.91666667,-129.6166667,200,1977
C03,52.9,-129.3166667,99999,1977
C1,48.47966667,-125.268,153,1977|1985|1986|1987|1988|1989|1990|1991|1992|1993
C2,75.525,-97.33,54,1977
C3,75.50833333,-97.17333333,94,1977
C4,75.505,-97.13333333,280,1977|1978
C5,75.5,-97.085,319,1977|1978
C6,75.48,-97.04833333,273,1977
CA01,47.94,-129.1616667,99999,1994|1995
CA95,47.93266667,-129.1638333,2390,1995|1996
CAM1,52.78078333,-129.5003333,427,2015|2016
CAM2,52.91653333,-129.25845,237,2015|2016
CAPE,49.11666667,-124.8166667,146,1980
CAPE BEALE,49.11666667,-124.8166667,146,1980
CB,50.6947,-126.6208667,34.3,2000
CB01,48.125,-128.3516667,9999,1994|1995
CB02,47.75,-127.7483333,99999,1994
CB1,48.72166667,-125.31,146,1980|1981
CBGW,47.78,-127.75,2615,1995
CC21,50.45833333,-125.76,14,1987|1988
CC22,50.405,-125.7716667,104,1987|1988
CC23,50.39333333,-125.51,18,1987|1988
CC24,49.90333333,-125.1,102,1987
CD0100,71.275,-131.1466667,96,1989
CG-1,70.88333333,-145.925,190,1981
CG-2,70.93333333,-146.0166667,370,1981
CG-3,70.96333333,-146.0333333,840,1981
CHAT1,54.201,-130.4503333,112,2018|2019|2020
CHAT2,54.26256667,-130.7601667,192,2018|2019|2020|2021
CHAT3,54.52730333,-130.5412583,163,2019|2020|2021|2022
CLAY1,49.30455,-126.0243167,90.85,2022|2023
CLAY2,49.3191,-126.0331833,71.15,2022
CM-1,71.19166667,-132.115,99,1979|1981|1993|1994
CM-2,70.945,-133.5183333,77,1981|1993|1994
CM-3,71.38666667,-130.355,62,1979|1981
CM01,73.26166667,-116.2766667,-1,1982
CM02,73.24333333,-116.2766667,-1,1982
CM03,73.225,-116.2633333,-1,1982
CM04,73.20666667,-116.23,-1,1982
CM05,73.19333333,-116.25,-1,1982
CM06,73.17666667,-116.2116667,-1,1982
CM07,73.15333333,-116.1616667,-1,1982
CM08,73.145,-116.1333333,-1,1982
CM09,73.08333333,-116.5783333,-1,1982
CM1,74.46166667,-97.18,114,1985|1989
CM10,53.541,-129.001,-1,1977|1978|1982
CM11,53.67916667,-128.83,-1,1977|1978|1982
CM12,53.40116667,-129.3848333,-1,1978|1982
CM13,73.99833333,-115.4616667,-1,1982
CM14,74.16666667,-115.0333333,-1,1982
CM15,53.20033333,-129.123,-1,1978|1982
CM16,74.415,-114,-1,1982
CM17,74.44833333,-113.85,-1,1982
CM18,73.33,-113.9666667,-1,1982
CM19,73.495,-113.3216667,-1,1982
CM2,74.46166667,-97.18,114,1977|1978|1985|1989
CM20,73.81166667,-106.4316667,-1,1982
CM21,73.89333333,-106.5,-1,1982
CM22,74.01333333,-106.5966667,-1,1982
CM23,74.34333333,-106.8516667,-1,1982
CM24,74.685,-107.105,-1,1982
CM25,74.8,-107.1833333,-1,1982
CM26,74.85333333,-107.2333333,-1,1982
CM3,74.46166667,-97.18,114,1977|1978|1985|1989
CM4,74.46166667,-97.18,114,1977|1985
CM5,74.46166667,-97.18,114,1977|1985
CM57,74.86,-104.2133333,127,1983
CM58,74.985,-104.2233333,61,1983
CM6,53.74916667,-128.8208333,-1,1977
CM62,75.92666667,-105.3766667,178,1983
CM63,75.96833333,-105.1766667,136,1983
CM65,76.04833333,-104.6466667,180,1983
CM66,76.07666667,-104.465,118,1983
CM71,75.38666667,-102.4883333,173,1983|1984
CM72,74.95166667,-100.4483333,78,1983
CM74,74.85,-100.8283333,130,1983
CM79,74.00333333,-101.6633333,132,1983
CM8,53.2,-129.518,-1,1977|1978
CM81,73.88166667,-100.995,65,1983
CM82,72.93833333,-104.8666667,69,1983
CM83,72.91333333,-104.4833333,203,1983
CM86,72.865,-103.1433333,276,1983
CM87,72.84166667,-102.9016667,89,1983
CM9,53.14583333,-129.3675,-1,1977|1978
CMP1,53.00715,-129.2583667,365,2015|2016
COBB 1,46.76183333,-130.7905,186,1990|1991|1992
COBB 2,46.76733333,-130.7793333,234,1990|1991|1992
COBB 3,46.7705,-130.7728333,224,1990|1991|1992
CP0,48.38666667,-123.3483333,-1,1969
CP01,54.38016667,-130.659,119,1991|1992
CP01S,54.42483333,-130.6581667,69,1991|1992
CP02,54.30816667,-130.7398333,194,1991|1992
CP02S,54.31383333,-130.7525,209,1991|1992
CP1,48.38966667,-123.3438333,91,1977|1978
CP2,48.39666667,-123.3451667,46,1977|1978
CP3,48.4,-123.3461667,32,1977|1978
CP4,48.4015,-123.3466667,20,1977
CRD1,48.3985,-123.4025,60,1991|1992|1993|1994|1995|1996
CRD10,48.63086667,-123.3886667,29,1998|1999
CRD2,48.833,-123.4421667,18,1993
CRD5,48.395,-123.3483333,63,1994|1995|1996|1997|1998
CRD5A,48.39033333,-123.3489167,89,1996|1997|1998
CS-1,59.91613333,-144.0004,60,1997|1998
CS-2,59.63291667,-143.9999167,164,1997|1998
CS-3,59.83251667,-148.83355,188,1997|1998
CSJ,52.05,-131.2533333,205,1981|1982
CTC 11,48.98505,-125.1802,85.25,1999
CTC11,48.9855,-125.181,83,1999|2000
CX1,46.335,-129.71,2250,1993|1994
CYP1,49.25085,-125.8666667,67,2016|2017
CZ1,48.46833333,-125.385,163,1979|1980|1981
CZ2,48.36666667,-125.59,151,1979|1980|1981
CZ3,48.26166667,-125.77,206,1979|1980|1981|1982
CZ4,48.18833333,-125.92,810,1979|1980|1981
Cook1,49.63068667,-126.60591,161,2017|2018
D01,54.63966667,-132.0951667,135,1984
D02,54.58633333,-132.1286667,169,1984
D022,54.41666667,-132.5633333,290,1986
D03,54.54733333,-132.065,295,1984
D04,54.445,-132.0083333,294,1984|1985
D05,54.27166667,-131.9166667,208,1984|1985
D06,54.203,-131.949,118,1984|1985
D07,54.13166667,-131.85,-1,1984
D09,54.48333333,-131.6733333,305,1984|1985
D10,54.45,-132.2816667,356,1984|1985
D11,54.61,-132.6933333,136,1984
D12,54.49,-132.635,371,1984
D13,54.35333333,-132.5766667,263,1984
D14,54.21666667,-132.5,124,1984|1985
D15,54.55116667,-131.3546667,110,1984|1985
D22,54.42166667,-132.5766667,290,1984|1985
D23,54.31833333,-132.5233333,234,1984|1985
D24,54.36166667,-131.95,239,1984|1985
DANE,71.03333333,-131.83,64,1989
DANW,70.90166667,-133.32,71,1989
DASE,70.7,-130.9783333,40,1989
DASW,70.41333333,-132.035,41,1989
DEV1,53.57723333,-128.8541,163,2015|2016
DIXON1,54.683225,-131.20825,339,2021|2022
DP06,54.67166667,-130.8298333,328,1991|1992
DP11,50.05666667,-125.2353333,32,1987|1988
DP15,54.6105,-131.3223333,90,1991|1992
DPN1,49.96333333,-125.1446667,150,2008|2009
Dev1,53.57723333,-128.8541,163,2015|2016
E01,49.28832833,-126.6035167,144,1979|1980|1988|1989|1990|1991|1992|1993|1994|1995|1996|1997|1998|1999|2000|2001|2002|2003|2004|2005|2006|2008|2009|2010|2011|2012|2013|2014|2015|2016|2017|2018|2019|2020|2021|2022
E01C,49.355,-126.59,36,1989
E02,49.26666667,-126.9,99999,1979|1980
E03,49.09489667,-126.9343967,400,1979|1980|1990|1991|1992|1993|1994|1996|1997|1998|1999|2000|2001|2002|2003|2004|2005|2021|2022
E04,48.96333333,-127.3183333,2057,1979|1980
E05,48.80166667,-127.5883333,2539,1979|1980
E1,49.35783333,-126.7183333,95,1989|1995
E1A,49.335,-126.7383333,112,1980
E1B,49.32,-126.7116667,113,1980
E2A,49.25,-126.8666667,156,1979|1980
E2B,49.155,-127.03,512,1980
E3A,49.06833333,-127.07,1260,1979|1980
E600,69.555,-131.4,33,1992
E800,69.98333333,-129.1216667,30,1992
EF04,49.06446667,-125.1517667,105,2008|2009|2010|2011|2012|2013|2014|2015|2016|2017
EF04-D,49.06446667,-125.1517667,105,2008|2009
EF04-G,49.06431667,-125.1517667,105,2010|2011
EF04-H,49.06441667,-125.1518,110,2011|2012
EF04-I,49.06423333,-125.1515667,97.3,2012|2013
ENP4,48.65661667,-126.6513,1314,1997|1998
ENP8,48.81526667,-128.64675,2525,1997|1998
EP01,51.067,-127.7671667,94,1995
EP01S,51.06016667,-127.7591667,95,1995
EP1,49.24166667,-127.035,201,1981|1982
EP2,49.245,-127.0366667,203,1982
EP3,49.245,-127.0366667,202,1982
ER WASP-1,48.42918333,-128.9004333,2239,2000
ER WASP-2,47.95868333,-128.0923667,2176,2000
ER-WASP-2,47.9585,-129.09235,2137,1998
ER01,48.95166667,-129.1033333,2200,1988|2000
ER02,47.92833333,-129.1183333,2100,1988
ER03-G1,47.94175,-129.0918333,2135,2003|2004
ER03-N1,47.96175,-129.0956833,2080,2003|2004
ER03-N3,47.9577,-129.0889167,2122,2003|2004|2005|2006
ER03-S2,47.9348,-129.1044667,2176,2003|2004
ER03-S4,47.93336667,-129.0985,2124,2003|2004
ER04-N1,47.96175,-129.0957333,2095,2004|2005
ER04-N2,47.95866667,-129.0930333,2175,2004|2005
ER04-N3,47.95773333,-129.0890167,2120,2004|2005
ER04-Y1,47.97386667,-129.0876,2046,2004|2005
ER04-Y2,47.97316667,-129.0842333,2140,2004|2005
ER04-Y3,47.97253333,-129.0809167,2120,2004|2005
ER05-G1,47.94178333,-129.0918667,2130,2005|2006
ER2001-c,47.9589,-129.093,2164,2001
ER2001-n,47.9875,-129.0719667,2160,2001
ER2001-s,47.9351,-129.103,2175,2001
ER2001-south,47.9351,-129.103,2175,2001
ER95,47.94983333,-129.0935,2095,1995|1996
ERA1,47.95016667,-129.086,2130,1994
ERA2,47.94533333,-129.0896667,2110,1994|1995
ERJD,47.95333333,-129.095,2200,1995
ES1,53.08961667,-129.5582333,181,2014|2015
ES1-A,53.08961667,-129.5582333,181,2014|2015
ESP1,49.82673333,-127.0050333,58,2016|2017
ESP2,49.86714667,-126.84965,234,2017|2018
ESP3,49.79692,-127.4604633,81,2017|2018
EXPLORER,48.996,-130.904,1600,2017|2107
Er05-G1,47.94178333,-129.0918667,2130,2005|2006
Er05-N2,47.9587,-129.0932333,2250,2005|2006
Er05-Y2,47.98065,-129.08425,2150,2005|2006
F,48.99833333,-127.2691667,2030,1993|1994
F1,48.41666667,-125.2333333,192,1985
F2,48.48666667,-125.175,147,1985
F3,48.47833333,-125.3233333,161,1985
F4,48.37833333,-125.36,126,1985
F5,48.325,-125.2216667,191,1985
F6,48.39833333,-125.1083333,117,1985
FF1,69.895,-133.96,10,1988
FF2,69.97,-133.66,20,1988
FF3,70.03833333,-133.6833333,30.5,1988
FOC1,53.734985,-129.0238983,369,2013|2014|2015|2016|2020|2021
FR1,49.10333333,-123.2916667,255,1978
FRA1,49.16,-122.9416667,-1,1977
FRA2,49.16166667,-122.9433333,-1,1977
FS,50.78418333,-126.6130833,334,2001|2002
FS-3,50.78433333,-126.6134667,334,2001|2002
FS-4,50.7842,-126.61325,336,2002
FS-5,50.78465,-126.6128333,335,2002
Fortune1,49.22075,-125.7649667,94,2017|2018
Frederick,51.0486,-126.7312333,219,2002|2003
G,49.65033333,-127.6391667,550,1993|1994|1995
G01,51.60066667,-128.8833333,50,1982
G03,51.51,-128.8818333,52,1982
G04,51.44716667,-128.8825,158,1982
G05,51.3625,-128.9146667,240,1982
G06,51.48966667,-129.4685,107,1982
G07,51.66566667,-128.6041667,39,1982
G5A,51.3545,-128.8733333,-1,1982
GAL,48.97,-123.4316667,-1,1979
GMS,49.18166667,-123.4966667,-1,1982
GNE,49.18333333,-123.4916667,-1,1982
GOWGAIA,52.39355,-131.7130833,751,2017|2018
GRC1,53.545945,-129.6172367,95,2019|2020
GSCM1,48.74116667,-123.1396,150,1996|1997|1998
GSCM2,48.84753333,-123.1174,210,1996|1997|1998
GSCM3,49.10041667,-123.4927333,350,1996|1997|1998|1999
GSCM4,49.26676667,-123.7748833,408,1996|1997|1998
GSW,49.17833333,-123.5,-1,1982
H01,53.48166667,-130.77,162,1977
H02,53.68833333,-130.525,99999,1977
H04,52.70833333,-131.3683333,137,1983
H181,48.50666667,-123.155,293,1976
H182,48.50166667,-123.1666667,284,1976
H183,48.49666667,-123.1733333,284,1976
H184,48.49333333,-123.185,284,1976
H185,48.49166667,-123.19,235,1976
H186,48.485,-123.2016667,135,1976
H187,48.47666667,-123.22,136,1976
H188,48.49833333,-123.1866667,234,1976
HAK1,51.711965,-128.2360783,143,2016|2017|2018|2019|2020|2021|2022
HAK1-A,51.71195,-128.2359167,144,2016|2017
HARO96E,48.65233333,-123.1708333,136,1996
HARO96M,48.56,-123.2033333,272,1996
HARO96N,48.625,-123.2253333,244,1996
HARO96S,48.50066667,-123.1675,273,1996
HC11,50.203,-125.1341667,135,1987|1988
HEC,76.365,-110.8766667,-1,1975|1976
HEC1,52.82073333,-129.84595,132,2013|2014|2015|2016
HEC1-A,52.82073333,-129.84595,132,2013|2014
HERSCH1,70.02,-138.575,280,1984|1985
HERSCH2,69.96,-137.85,127,1984|1985
HIEK1,52.8705,-128.4906667,12,1992
HP05,52.22266667,-130.9361667,204,1990|1991
HP06,51.955,-130.505,444,1990|1991
HP07,52.025,-130.865,234,1990|1991
HP11,53.90416667,-130.9045,75,1991|1992
HP12,53.90616667,-131.2491667,26,1991
HP13,54.10883333,-131.5155,21,1991
HP14,52.35566667,-129.3335,99,1995
HP14S,52.36133333,-129.3333333,94,1995
HSC1,49.37171667,-126.2461833,53,2016|2017
HV,47.97583333,-129.0811667,2170,1991
HVUS,47.951,-129.097,2170,1991
Havik,70.347,-132.258,34,1984
IN01,49.31666667,-122.94,36,1974|1975
INNE,49.11666667,-124.8166667,99999,1979
IO00,49.20333333,-123.3033333,-1,1976
IO01,49.19666667,-123.3466667,-1,1976
IO02,49.205,-123.4016667,-1,1976
IVIK#4,69.92,-133.3866667,20,1986
Isserk,69.94,-134.3866667,7,1982
Issungnak,69.98383333,-134.35,16,1981|1982
J,50.12516667,-128.7,1838,1993|1994
J01,50.48166667,-126.1316667,128,1973
J02,50.47666667,-126.1333333,300,1973
J03,50.47166667,-126.135,324,1973|1976|1977|1978
J04,50.46666667,-126.1366667,320,1973
J05,50.46166667,-126.1383333,128,1973
J06,50.49333333,-126.295,346,1976
J07,50.30833333,-125.42,233,1977
J08,50.35833333,-125.385,300,1977
J09,50.37333333,-125.6583333,264,1977
J1,48.49666667,-124.7,260,1985|1990
J1-K,49.64833333,-127.63,577,1990
J10,50.49833333,-126.4333333,374,1977
J11,50.55666667,-126.795,-1,1977
J12,50.47333333,-126.1683333,333,1978
J13,50.46833333,-126.055,239,1978
J14,50.46166667,-126.0616667,258,1978
J15,50.455,-126.0683333,253,1978
J16,50.45833333,-125.96,61,1978
J17,50.43833333,-126.01,200,1978
J2S,48.47833333,-124.695,254,1984
JAC,78.08833333,-101.115,-1,1976
JB01,48.49166667,-124.7183333,252,1988
JB02,48.49166667,-124.7183333,251,1988
JB2,48.49333333,-124.7233333,251,1988
JDF,47.96666667,-129.0833333,2197,1984|1985
JF1,48.05433333,-125.3138333,275,1993
JF1A,48.38111667,-124.3208667,206,1998|1999|2000
JF2A,48.41266667,-124.1656667,104,1998|1999|2000|2001|2002|2003
JF2B,48.38195,-124.1843,163,1998|1999|2000|2001|2002|2003|2004|2005
JF2C,48.35373333,-124.2060667,187,2000|2001|2002|2004|2005
JF2D,48.3175,-124.2227833,215,1998|1999|2000
JF2E,48.25236667,-124.1622833,150,1998|1999|2000|2001|2002|2003|2004|2005
JF3,48.25866667,-125.2026667,220,1993|1994
JF3A,48.297,-124.0001667,187.25,1998|1999|2000
JF3B,48.22,-124.0526667,151,1998|1999
JFE1,48.22833333,-123.5366667,-1,1971|1972|1973|1974|1978
JFR,48.48666667,-124.7016667,255,1985
JI01,49.75338333,-124.23645,352,2001|2002|2003|2004
JUAN1,52.51789333,-131.39633,361,2017|2018|2019
JUAN2,52.52026833,-131.4312017,221,2019|2020|2021|2022
JUNC,48.95166667,-125.02,99999,1979|1980|1981
Juan1,52.51789333,-131.39633,361,2017|2018
KC0050,70.715,-133.1166667,55.2,1985|1986
KC0080,70.98166667,-133.3683333,76.1,1985
KC0180,71.05433333,-133.5291667,224.5,1985|1986
KC0500,71.17,-133.6866667,595,1985|1986
KC1000,71.38,-133.8866667,1089,1985|1986
KC1500,71.68833333,-134.3083333,1430,1985|1986
KIM,50.6571,-126.1069167,176,2008
KIN,50.67011667,-126.1141,164,2008
KINGARK J-,69.707,-137.4286667,58,1989
KIS,50.64985,-126.1038667,186,2008
KIT1,53.93776667,-128.68731,205,2020|2021
KIW,50.6564,-126.1644833,179,2005|2006|2007|2008
KP0080,70.21333333,-135.5683333,49.3,1985|1986
KP0100,70.58166667,-135.9716667,92,1985
KP0180,70.61333333,-136.075,302,1985|1986
KSK1,53.48,-129.20855,372,2013|2014|2015|2016
Kadluk,69.77,-136.05,14,1982
Kaubvik,69.88833333,-135.3825,20,1986
Kenalooak,70.727,-133.968,70,1980|1981|1982
Kiggavik,69.957,-135.922,24,1982
Koakoak,70.34,-134.18,47,1980
Kogyuk,70.114,-133.33,26,1983|1984
Kopanoar,70.382,-135.093,58,1980
L021,49.715,-124.8116667,-1,1970
L022,49.72166667,-124.76,230,1970
L023,49.72166667,-124.7166667,320,1970
L024,49.73333333,-124.6666667,324,1970
L025,49.76666667,-124.5233333,292,1970
L026,49.78666667,-124.505,204,1970
L031,49.35666667,-124.25,281,1968|1969
L032,49.38166667,-124.2283333,318,1968
L033,49.41,-124.2066667,263,1968|1969
L034,49.43833333,-124.1933333,139,1968
L035,49.47666667,-124.1533333,215,1968
L036,49.52666667,-124.115,387,1968|1969
L037,49.54,-124.0616667,190,1968
L038,49.54833333,-124.015,110,1968
L041,49.17833333,-123.71,150,1969|1972
L042,49.21333333,-123.685,375,1969|1972
L043,49.25,-123.6566667,375,1969
L044,49.30333333,-123.6166667,289,1969|1972
L045,49.32833333,-123.5983333,183,1969|1970
L046,49.35166667,-123.5833333,156,1969|1970|1972
L047,49.37833333,-123.6483333,124,1969
L048,49.345,-123.33,154,1972
L051,49.02,-123.5483333,156,1969
L052,49.03666667,-123.5016667,-1,1969
L053,49.05166667,-123.4566667,-1,1969|1972|1975
L054,49.07333333,-123.4116667,-1,1969|1972
L055,49.08333333,-123.3683333,209,1969|1972
L056,49.1,-123.315,-1,1969
L059,48.96666667,-123.4333333,-1,1972
L061,48.84833333,-123.18,196,1969|1970
L062,48.86166667,-123.1616667,148,1969|1970
L063,48.89833333,-123.1166667,420,1969
L064,48.93,-123.0816667,-1,1969
L065,48.95,-123.0516667,94,1969
L080,48.75833333,-123.085,184,1974
L082,48.46666667,-123.2083333,131,1974
L083,48.48833333,-123.1916667,-1,1974
L084,48.50333333,-123.1533333,-1,1974
L085,48.59,-123.24,223,1974|1975
L086,48.61666667,-123.3316667,-1,1965
L088,48.75,-123.0883333,166,1975
L111,48.38833333,-124.05,96,1973
L112,48.355,-124.0683333,158,1973
L113,48.32,-124.09,-1,1973
L114,48.28833333,-124.11,189,1973
L115,48.25666667,-124.13,167,1973
L116,48.23666667,-124.1433333,90,1973
L130,48.365,-123.93,120,1975
L131,48.335,-123.9733333,159,1975
L133,48.295,-124.035,198,1975
L135,48.28,-124.0883333,194,1975
L136,48.24,-124.1333333,123,1975
L137,48.37833333,-124.0466667,125,1975
LAP1,48.38346167,-125.808705,150,2017|2018
LAPA1,48.355,-126.14,500,1986|1987|1988
LAPB1,48.75966667,-125.5641667,139,1986|1987|1988
LAPC1,48.48066667,-125.2553333,148,1986|1987|1988
LBA,50.89894667,-127.6390283,448,2019|2020
LBA1,50.90018333,-127.6406833,340,2018|2019
LBB,50.84208333,-127.7161333,345,2019|2020
LBB1,50.84198333,-127.718,346,2019
LS1,49.495,-124.4916667,-1,1980
LS2,49.655,-124.2283333,-1,1980
M01,52.59166667,-129.645,158,1983|1984|1990|1991
M01S,52.59,-129.6583333,176,1990|1991
M02,52.55166667,-129.9566667,256,1983|1984
M03,52.51833333,-130.2016667,299,1983|1984
M04,52.46333333,-130.4933333,178,1983|1984|1990|1991
M04S,52.485,-130.555,133,1990|1991
M05,52.39166667,-130.9566667,131,1983|1984
M06,52.365,-131.0933333,116,1983|1984
M1E,52.66666667,-129.2783333,162,1983|1984
MAC,48.405,-123.405,-1,1968
MACP,48.405,-123.4083333,-1,1968
MBO,54.0225,-128.6228333,35,1995|1996
MI-1,50.65728333,-126.66315,49.3,2001
MI-2,50.65948333,-126.66615,51.5,2001
MUC1,49.64376667,-126.3219333,287,2016|2017
Millar1,49.28028333,-126.0334,21,2017|2018
N01,49.39166667,-126.6433333,59,1980
NC0050,70.19166667,-130.385,51.4,1985|1986
NC0080,71.31333333,-130.7,82.2,1985|1986
NC0180,71.36833333,-130.8916667,221.7,1985
NF4,70.05483333,-133.6301667,13.5,1988
NH0100,70.65133333,-135.5803333,106,1989
NIPTERK,69.81333333,-135.425,12.2,1985
NJ1,50.27666667,-128.3805,749,1990
NJ1-K,50.27666667,-128.375,754,1990
Natiak,70.082,-137.217,42,1984
Nerlerk,70.413,-133.433,45,1982|1983
Nipterk,69.83216667,-135.443,14,1984|1985
O,49.1245,-127.7496667,2515,1993|1994|1995
O1,49.1176,-127.7350167,2504,1995|1996
O2,49.12598333,-127.7353167,2500,1995|1996
OC1,53.19833333,-129.5016667,275,1977|2014|2015
OC11,50.28833333,-125.3566667,120,1987|1988
Orvilruk,70.34,-136.65,56,1980|1982
P3,75.44166667,-96.09833333,56,1977
PC1,53.26275,-129.7101333,181,2014|2015
PC1-A,53.26275,-129.7101333,181,2014|2015
PE-E,50.67113333,-126.4690167,68.5,2001
PE-N,50.6752,-126.4745167,48.5,2001
PE-W,50.671,-126.4825,45.8,2001
PL03,48.76833333,-123.1833333,95,1970
PNDR,50.26666667,-124.718,-1,1971|1972
PRC1,53.29811333,-128.8895083,452,2019|2020
PRH,54.31333333,-130.345,-1,1977
PS01,76.645,-96.91,186,1984|1985
PS02,76.60333333,-97.42,198,1984|1985
PW1,72.785,-117.8283333,-1,1982
PenPass,50.8369,-126.5793833,153,2006|2007
Q01,50.855,-127.3333333,-1,1977
Q02,50.77,-127.365,363,1977
Q03,50.975,-129.2933333,164,1977
Q04,51.32166667,-129.0266667,260,1977
Q05,51.36666667,-130.0166667,279,1977
Q06,51.85666667,-130.5033333,275,1981|1982
Q07,52.34166667,-130.2916667,335,1977
Q08,52.34833333,-129.4933333,160,1977
Q09,52.10166667,-130.6466667,225,1982
Q10,51.845,-129.5733333,275,1982
Q11,51.83666667,-128.5616667,139,1982|1995
Q12,51,-128.695,73,1982
QA1,51.96166667,-131.125,194,1983|1984
QA3,51.71,-130.7383333,305,1984
QB1,52.22833333,-131.5016667,198,1983|1984
QB2,52.2,-131.5466667,810,1983|1984
QB3,52.09666667,-131.7916667,1875,1983|1984
QC1,53.06,-132.6083333,210,1983|1984
QC2,53.01666667,-132.6566667,1214,1983|1984
QC3,52.97833333,-132.84,1051,1983|1984
QC4,52.87,-133,2743,1983
QCS,51.135,-129.585,265,1981|1982
QE1,54.00333333,-133.3266667,51,1983|1984|1985
QE2,53.97,-133.5266667,200,1983|1984|1985
QE3,53.945,-133.6166667,454,1983|1984|1985
QE4,53.63166667,-133.185,199,1984|1985
QE5,53.66166667,-133.4316667,1008,1984|1985
QE6,53.925,-133.885,1137,1984|1985
QEP1,49.55066667,-138.6688333,3977,1990|1991|1992|1993|1994
QEP1-A,49.5455,-138.622,3964,1989
QEP1-B,49.54833333,-138.6333333,3984,1989|1990
QEP1-C,49.55,-138.6683333,3967,1990
QEP2,49.32366667,-138.0395,3997,1990|1991
QEP3,50,-138.6336667,3917,1990|1991
QEP4,49.3255,-139.2321667,3994,1990|1991
QF01,54.56666667,-132.9683333,40,1986|1991
QF02,54.32,-133.0366667,457,1986|1991|1992
QF1,54.56333333,-132.9166667,383,1984|1985
QF2,54.32166667,-133.0366667,475,1984|1985
QF3,54.43833333,-133.6633333,203,1984|1985
QF4,54.35333333,-134.035,1064,1984|1985
QP01,51.62666667,-130.0616667,357,1990|1991
QP02,51.155,-129.68,295,1990|1991|1995
QP04,51.3935,-128.0585,78,1995
QP04S,51.39216667,-128.053,75,1995
QUAT1,50.413275,-128.0058217,188,2021|2022
QUAT2,50.475055,-127.8214533,133,2021|2022
R01,54.28166667,-130.82,138,1982
R02,54.30666667,-130.5716667,97,1982
R03,54.19333333,-130.4083333,111,1982
R04,53.95,-130.89,62,1983
R05,53.948,-131.0756667,78,1983|1984|1985
R07,53.935,-131.568,13,1983
R1,47.97,-129.1033333,2103,1985|1986
R2,47.96333333,-129.0766667,2120,1985|1986
RB01,49.015,-123.1533333,-1,1970
RB02,49.00833333,-123.1583333,-1,1970
RB03,49.00333333,-123.1616667,-1,1970
RB04,49.01166667,-123.1833333,-1,1970
RB05,49.00666667,-123.1933333,-1,1970
RB06,49.005,-123.145,-1,1970
RB07,48.97,-123.1466667,-1,1970
RB08,48.98,-123.1333333,-1,1970
RB10,49.00833333,-123.1966667,-1,1977
RD1,48.35283333,-129.3095,2040,1992
RED,70.546,-127.8216667,20.12,1987
REV1,69.76,-133.2316667,9,1992
REV2,69.83333333,-133.2783333,14,1992
RPAS,48.29833333,-123.5316667,12,1980|1981
RUP1,54.32666667,-130.3316667,42,1992
RUP1A,54.32616667,-130.3305,46,1993
RUP1B,54.32616667,-130.3305,46,1993
RUP2A,54.1985,-130.36,37,1993
RUP2B,54.1985,-130.36,37,1993
RW1,49.03166667,-125.8016667,-1,1993|1994
S,48.78483333,-127.9976667,2515,1993|1994|1995
SBR1,48.265,-125.6766667,151,1985
SBR2,48.305,-125.51,129,1985
SCOTT1,50.79161667,-128.8015,113,2016|2017|2018|2019
SCOTT2,51.12693,-129.4747533,288,2016|2017|2018|2019|2020|2021|2022
SCOTT3,50.84145,-129.4769683,238,2020|2021|2022
SCR1,48.36666667,-125.335,116,1985
SG01,48.77135,-123.0477667,190,2001|2002|2003|2004
SG02,49.0238,-123.3995167,270,2001|2002|2003|2004|2005
SG03,49.28326667,-123.7999833,413,2001|2002|2003|2004
SG1,48.82166667,-122.9833333,220,1978|1987
SG2,48.83166667,-123.0183333,201,1978
SG3,48.83833333,-122.995,204,1978
SG5,48.855,-123.005,202,1978
SG6,48.86333333,-123.065,168,1978
SOGN,49.8352,-124.8685667,332,2008|2009|2010|2011|2012|2013|2014
SOGN2,49.8355,-124.8693333,330,2014|2015|2016|2017|2018|2020|2021
SOGN2-C,49.83683333,-124.8692167,330,2015|2016
SOGNC-C,49.81715,-124.9019167,182,2015|2016
SOGNW-C,49.79935,-124.935,85,2015|2016
SOGS,49.02758333,-123.42545,310,2008|2009|2010|2011|2012
SOGS2,49.01343333,-123.429,312,2021|2022
SP01,51.89333333,-130.9116667,134,1990|1991
SP02,51.78,-130.7966667,249,1990|1991
SP04,50.7955,-128.5203333,56,1990|1991|1995
SP06,50.79233333,-128.8006667,110,1995
SP07,50.83766667,-128.9611667,95,1995
SP08,50.923,-129.2785,123,1995
SP09,51.27933333,-130.1655,901,1995
SPRO,49.11666667,-124.8166667,99999,1979|1980|1981
SR1,52.04129333,-129.4230783,196,2002
SR2,53.13841167,-130.4761967,205,2002
SR3,53.161345,-130.4338117,188,2002
SRC1,52.249915,-129.68347,213,2016|2017|2018
SRN1,53.10833333,-130.3833333,200,2017|2018|2019|2020|2021|2022
SS-1,70.76616667,-127.315167,210,1987|1988
SS-2,71.4795,-128.7455,170,1987|1988
SS-3,70.96233333,-134.4851695,180,1987|1988
SS-4,69.97116667,-138.6128333,268,1987|1988
SS-5,71.2,-134.8066667,699,1991|1992
STNC,53.9345,-128.6875,-1,1977
SUT CHAN,50.8792,-126.7445167,207.7,2007
SW01,48.745,-123.2883333,114,1970
SW02,48.775,-123.33,98,1975
Siulik,70.468,-134.511,52,1983|1984
Stn P,50.02808333,-144.9363333,4206,2003|2004
Sut Chan,50.87943333,-126.7450167,202,2006|2007
T001,49.035,-126.24,95,1974|1975
T002,48.89666667,-126.495,180,1974|1975
T1,48.18333333,-129.1666667,2558,1985|1986
T2S,49.005,-126.0466667,63,1984
T3,47.85,-129.0666667,2660,1985|1986
T3S,48.96666667,-126.1333333,82,1984
T7,48.4755,-126.1353333,224,1984|1985
TARSUIT,69.955,-136.1966667,26.5,1981|1982
TC,50.8216,-126.39365,235,2002
TCS,50.71963333,-126.2004167,213,2005|2006|2007|2008
TOF1,49.18406667,-125.9281167,37,2015|2016
TR01,48.89,-123.4516667,32,1970
TR02,48.37333333,-123.3033333,-1,1972
TRL3,48.36666667,-123.3033333,106,1972
UD01,69.52666667,-117.4166667,-1,1986
UR,50.72121667,-126.5694,37,2001
UVILUK,70.34,-132.2183333,36,1981
Unnamed,69.81166667,-134.165,6.3,1988
Uviluk,70.352,-132.533,32,1982
VCB,48.72166667,-125.29,137,1984
VE1,49.30166667,-126.5483333,82,1984
VE2,49.18333333,-126.755,132,1984
VJ1,48.53666667,-124.6733333,151,1984
VJ2,48.48166667,-124.7133333,254,1984
VJ3,48.43666667,-124.6916667,157,1984
VJ4,48.545,-124.735,153,1984
VN1,48.68,-125.4133333,63,1984
VP01,50.56333333,-128.645,223,1990
VT2,49.01,-126.04,61,1984
VT3,48.96333333,-126.13,81,1984
VT4,48.9,-126.2766667,131,1984
VT5,48.80166667,-126.4883333,235,1984
VT6,49.16666667,-126.1666667,55,1984
W01,48.315,-124.825,51,1983|1984
W02,48.04166667,-124.895,71,1983|1984
W03,53.23333333,-130.8633333,117,1983|1984
W04,53.22,-131.0583333,45,1983|1984
W05,53.17333333,-131.275,39,1983
W06,53.15166667,-131.465,22,1983
W1,75.25833333,-93.29166667,232,1978
W2,75.265,-93.00833333,146,1978|1995
W2A,48.675,-123.5245,79,1995
W2B,48.675,-123.5245,79,1995
W2E,53.29833333,-130.61,162,1983|1984
W3,75.26333333,-92.85,160,1978
W4,75.27166667,-92.62,188,1978
W5S,53.1805,-131.2795,196,1983
WASP96A,47.94925,-129.1019833,2095,1996|1997
WC,70.393583,-123.459512,-1,2018|2019|2020
WC01,75.22166667,-92.52833333,-1,1984
WC02,75.235,-92.56333333,-1,1984
WC03,75.235,-92.59,-1,1984
WC04,75.235,-92.66666667,-1,1984
WC05,75.24,-92.74,-1,1984
WC06,75.24,-92.99333333,-1,1984
WC07,75.25333333,-93.38,-1,1984
WC08,74.795,-92.15333333,-1,1984
WC10,74.79166667,-92.36,-1,1984
WC11,74.79666667,-92.46333333,-1,1984
WC12,74.795,-92.80166667,-1,1984
WC13,74.795,-93.29666667,-1,1984
WES,49.01333333,-123.16,-1,1984|1985
WH1,50.43666667,-128.445,202,1981
WH2,50.43833333,-128.4566667,201,1981|1982
WH3,50.48333333,-128.4166667,202,1982
WH4,50.48333333,-128.4166667,203,1982
WH99EPR,9.848333333,-107.6666667,2505,1999|2000
WOTAN-2,69.52666667,-117.4166667,220,1986
WP1,49.60333333,-126.8116667,-1,1981|1982|1983
West Atk.,69.81,-131.9966667,8,1981
West Atkin,69.8055,-131.9971667,8,1981
Zuc1,49.63343333,-126.4983833,194,2015|2016
